# index, dn_fsname, dn_hemisphere, dn_name, dn_region, _pos
0,lateralorbitofrontal_9,right,rh.lateralorbitofrontal_9,cortical,"array([-0.72753168, 11.33181234])"
1,lateralorbitofrontal_11,right,rh.lateralorbitofrontal_11,cortical,"array([-0.80705405, 11.34156177])"
2,lateralorbitofrontal_5,right,rh.lateralorbitofrontal_5,cortical,"array([-0.74548627, 11.34255086])"
3,lateralorbitofrontal_6,right,rh.lateralorbitofrontal_6,cortical,"array([-0.73600162, 11.37089551])"
4,lateralorbitofrontal_7,right,rh.lateralorbitofrontal_7,cortical,"array([-0.78974497, 11.30402708])"
5,lateralorbitofrontal_10,right,rh.lateralorbitofrontal_10,cortical,"array([-0.80904532, 11.32644773])"
6,lateralorbitofrontal_4,right,rh.lateralorbitofrontal_4,cortical,"array([-0.73363227, 11.34831059])"
7,lateralorbitofrontal_17,right,rh.lateralorbitofrontal_17,cortical,"array([-0.71185763, 11.36680086])"
8,lateralorbitofrontal_8,right,rh.lateralorbitofrontal_8,cortical,"array([-0.77541671, 11.32108962])"
9,lateralorbitofrontal_15,right,rh.lateralorbitofrontal_15,cortical,"array([-0.79454702, 11.3410825 ])"
10,lateralorbitofrontal_13,right,rh.lateralorbitofrontal_13,cortical,"array([-0.74193851, 11.35826419])"
11,lateralorbitofrontal_12,right,rh.lateralorbitofrontal_12,cortical,"array([-0.76460661, 11.37559548])"
12,lateralorbitofrontal_1,right,rh.lateralorbitofrontal_1,cortical,"array([-0.72177211, 11.40968131])"
13,lateralorbitofrontal_3,right,rh.lateralorbitofrontal_3,cortical,"array([-0.75311095, 11.39699845])"
14,lateralorbitofrontal_16,right,rh.lateralorbitofrontal_16,cortical,"array([-0.78043208, 11.34388799])"
15,lateralorbitofrontal_14,right,rh.lateralorbitofrontal_14,cortical,"array([-0.76013652, 11.39414975])"
16,lateralorbitofrontal_2,right,rh.lateralorbitofrontal_2,cortical,"array([-0.7836519 , 11.33301656])"
17,parsorbitalis_4,right,rh.parsorbitalis_4,cortical,"array([-0.74430885, 11.3283355 ])"
18,parsorbitalis_1,right,rh.parsorbitalis_1,cortical,"array([-0.78696818, 11.38328505])"
19,parsorbitalis_2,right,rh.parsorbitalis_2,cortical,"array([-0.72315596, 11.37400488])"
20,parsorbitalis_3,right,rh.parsorbitalis_3,cortical,"array([-0.68919606, 11.4053193 ])"
21,frontalpole_2,right,rh.frontalpole_2,cortical,"array([-0.76362898, 11.31969538])"
22,frontalpole_1,right,rh.frontalpole_1,cortical,"array([-0.82703988, 11.32061325])"
23,medialorbitofrontal_1,right,rh.medialorbitofrontal_1,cortical,"array([-0.79776328, 11.35449181])"
24,medialorbitofrontal_9,right,rh.medialorbitofrontal_9,cortical,"array([-0.7961695 , 11.31879799])"
25,medialorbitofrontal_7,right,rh.medialorbitofrontal_7,cortical,"array([-0.80398236, 11.29637508])"
26,medialorbitofrontal_3,right,rh.medialorbitofrontal_3,cortical,"array([-0.76916027, 11.33706428])"
27,medialorbitofrontal_10,right,rh.medialorbitofrontal_10,cortical,"array([-0.73634119, 11.38164339])"
28,medialorbitofrontal_8,right,rh.medialorbitofrontal_8,cortical,"array([-0.72994845, 11.36214946])"
29,medialorbitofrontal_5,right,rh.medialorbitofrontal_5,cortical,"array([-0.77470325, 11.29661464])"
30,medialorbitofrontal_4,right,rh.medialorbitofrontal_4,cortical,"array([-0.74697673, 11.31307096])"
31,medialorbitofrontal_2,right,rh.medialorbitofrontal_2,cortical,"array([-0.75529254, 11.29552925])"
32,medialorbitofrontal_6,right,rh.medialorbitofrontal_6,cortical,"array([-0.70674027, 11.34451736])"
33,medialorbitofrontal_11,right,rh.medialorbitofrontal_11,cortical,"array([-0.72115458, 11.34765548])"
34,parstriangularis_8,right,rh.parstriangularis_8,cortical,"array([-0.73002503, 11.41184487])"
35,parstriangularis_5,right,rh.parstriangularis_5,cortical,"array([-0.71875291, 11.39506726])"
36,parstriangularis_3,right,rh.parstriangularis_3,cortical,"array([-0.71687154, 11.43488565])"
37,parstriangularis_4,right,rh.parstriangularis_4,cortical,"array([-0.7044011 , 11.40876848])"
38,parstriangularis_1,right,rh.parstriangularis_1,cortical,"array([-0.76130769, 11.36595248])"
39,parstriangularis_2,right,rh.parstriangularis_2,cortical,"array([-0.71106312, 11.3908916 ])"
40,parstriangularis_7,right,rh.parstriangularis_7,cortical,"array([-0.73705831, 11.40520034])"
41,parstriangularis_6,right,rh.parstriangularis_6,cortical,"array([-0.7132875 , 11.41595242])"
42,parsopercularis_8,right,rh.parsopercularis_8,cortical,"array([-0.74217335, 11.3870821 ])"
43,parsopercularis_4,right,rh.parsopercularis_4,cortical,"array([-0.78019233, 11.41466337])"
44,parsopercularis_5,right,rh.parsopercularis_5,cortical,"array([-0.72644736, 11.45945366])"
45,parsopercularis_9,right,rh.parsopercularis_9,cortical,"array([-0.74215181, 11.45646148])"
46,parsopercularis_3,right,rh.parsopercularis_3,cortical,"array([-0.69290545, 11.4830277 ])"
47,parsopercularis_1,right,rh.parsopercularis_1,cortical,"array([-0.72643524, 11.47435384])"
48,parsopercularis_7,right,rh.parsopercularis_7,cortical,"array([-0.72909733, 11.44854607])"
49,parsopercularis_6,right,rh.parsopercularis_6,cortical,"array([-0.753767  , 11.43254139])"
50,parsopercularis_2,right,rh.parsopercularis_2,cortical,"array([-0.74041656, 11.44792135])"
51,rostralmiddlefrontal_19,right,rh.rostralmiddlefrontal_19,cortical,"array([-0.75084587, 11.42414038])"
52,rostralmiddlefrontal_21,right,rh.rostralmiddlefrontal_21,cortical,"array([-0.73210059, 11.42193569])"
53,rostralmiddlefrontal_16,right,rh.rostralmiddlefrontal_16,cortical,"array([-0.7562125 , 11.35439881])"
54,rostralmiddlefrontal_22,right,rh.rostralmiddlefrontal_22,cortical,"array([-0.77220266, 11.41915704])"
55,rostralmiddlefrontal_24,right,rh.rostralmiddlefrontal_24,cortical,"array([-0.76068611, 11.42986644])"
56,rostralmiddlefrontal_10,right,rh.rostralmiddlefrontal_10,cortical,"array([-0.75739761, 11.41785854])"
57,rostralmiddlefrontal_20,right,rh.rostralmiddlefrontal_20,cortical,"array([-0.74072065, 11.41356811])"
58,rostralmiddlefrontal_15,right,rh.rostralmiddlefrontal_15,cortical,"array([-0.70683226, 11.37901805])"
59,rostralmiddlefrontal_18,right,rh.rostralmiddlefrontal_18,cortical,"array([-0.72545516, 11.42918164])"
60,rostralmiddlefrontal_7,right,rh.rostralmiddlefrontal_7,cortical,"array([-0.72605517, 11.40323205])"
61,rostralmiddlefrontal_25,right,rh.rostralmiddlefrontal_25,cortical,"array([-0.75647676, 11.34054693])"
62,rostralmiddlefrontal_23,right,rh.rostralmiddlefrontal_23,cortical,"array([-0.74894078, 11.41438551])"
63,rostralmiddlefrontal_4,right,rh.rostralmiddlefrontal_4,cortical,"array([-0.77976445, 11.39973269])"
64,rostralmiddlefrontal_27,right,rh.rostralmiddlefrontal_27,cortical,"array([-0.75555563, 11.3775153 ])"
65,rostralmiddlefrontal_14,right,rh.rostralmiddlefrontal_14,cortical,"array([-0.75444057, 11.40777013])"
66,rostralmiddlefrontal_17,right,rh.rostralmiddlefrontal_17,cortical,"array([-0.78786696, 11.36335332])"
67,rostralmiddlefrontal_9,right,rh.rostralmiddlefrontal_9,cortical,"array([-0.73084365, 11.38937027])"
68,rostralmiddlefrontal_12,right,rh.rostralmiddlefrontal_12,cortical,"array([-0.76752858, 11.35251375])"
69,rostralmiddlefrontal_2,right,rh.rostralmiddlefrontal_2,cortical,"array([-0.76206668, 11.40410855])"
70,rostralmiddlefrontal_13,right,rh.rostralmiddlefrontal_13,cortical,"array([-0.77922943, 11.37497604])"
71,rostralmiddlefrontal_11,right,rh.rostralmiddlefrontal_11,cortical,"array([-0.77163693, 11.38211563])"
72,rostralmiddlefrontal_3,right,rh.rostralmiddlefrontal_3,cortical,"array([-0.74696376, 11.40436876])"
73,rostralmiddlefrontal_5,right,rh.rostralmiddlefrontal_5,cortical,"array([-0.71767089, 11.35904799])"
74,rostralmiddlefrontal_8,right,rh.rostralmiddlefrontal_8,cortical,"array([-0.74582236, 11.37328227])"
75,rostralmiddlefrontal_26,right,rh.rostralmiddlefrontal_26,cortical,"array([-0.77313744, 11.36570563])"
76,rostralmiddlefrontal_1,right,rh.rostralmiddlefrontal_1,cortical,"array([-0.76213794, 11.38418513])"
77,rostralmiddlefrontal_6,right,rh.rostralmiddlefrontal_6,cortical,"array([-0.76916083, 11.39182603])"
78,superiorfrontal_40,right,rh.superiorfrontal_40,cortical,"array([-0.77973715, 11.35381463])"
79,superiorfrontal_4,right,rh.superiorfrontal_4,cortical,"array([-0.80099003, 11.37022747])"
80,superiorfrontal_3,right,rh.superiorfrontal_3,cortical,"array([-0.77735607, 11.38996094])"
81,superiorfrontal_14,right,rh.superiorfrontal_14,cortical,"array([-0.76982903, 11.40104301])"
82,superiorfrontal_7,right,rh.superiorfrontal_7,cortical,"array([-0.79251913, 11.37392174])"
83,superiorfrontal_23,right,rh.superiorfrontal_23,cortical,"array([-0.75144116, 11.36473199])"
84,superiorfrontal_10,right,rh.superiorfrontal_10,cortical,"array([-0.82137946, 11.3629415 ])"
85,superiorfrontal_39,right,rh.superiorfrontal_39,cortical,"array([-0.83249517, 11.35480555])"
86,superiorfrontal_19,right,rh.superiorfrontal_19,cortical,"array([-0.78726562, 11.39308636])"
87,superiorfrontal_29,right,rh.superiorfrontal_29,cortical,"array([-0.82081779, 11.34667991])"
88,superiorfrontal_1,right,rh.superiorfrontal_1,cortical,"array([-0.80152944, 11.38396506])"
89,superiorfrontal_27,right,rh.superiorfrontal_27,cortical,"array([-0.77417361, 11.4100802 ])"
90,superiorfrontal_30,right,rh.superiorfrontal_30,cortical,"array([-0.81407988, 11.38769097])"
91,superiorfrontal_15,right,rh.superiorfrontal_15,cortical,"array([-0.8093275 , 11.35889892])"
92,superiorfrontal_2,right,rh.superiorfrontal_2,cortical,"array([-0.75205001, 11.38796412])"
93,superiorfrontal_11,right,rh.superiorfrontal_11,cortical,"array([-0.76382794, 11.42155837])"
94,superiorfrontal_37,right,rh.superiorfrontal_37,cortical,"array([-0.79560597, 11.3960955 ])"
95,superiorfrontal_8,right,rh.superiorfrontal_8,cortical,"array([-0.8145076 , 11.37692631])"
96,superiorfrontal_36,right,rh.superiorfrontal_36,cortical,"array([-0.83073542, 11.37307417])"
97,superiorfrontal_25,right,rh.superiorfrontal_25,cortical,"array([-0.78574897, 11.40517409])"
98,superiorfrontal_24,right,rh.superiorfrontal_24,cortical,"array([-0.76676837, 11.41306797])"
99,superiorfrontal_38,right,rh.superiorfrontal_38,cortical,"array([-0.82916673, 11.38819073])"
100,superiorfrontal_20,right,rh.superiorfrontal_20,cortical,"array([-0.84687196, 11.36414759])"
101,superiorfrontal_5,right,rh.superiorfrontal_5,cortical,"array([-0.80693463, 11.39762643])"
102,superiorfrontal_22,right,rh.superiorfrontal_22,cortical,"array([-0.78906059, 11.41614143])"
103,superiorfrontal_21,right,rh.superiorfrontal_21,cortical,"array([-0.79719294, 11.40794198])"
104,superiorfrontal_12,right,rh.superiorfrontal_12,cortical,"array([-0.83016544, 11.40083285])"
105,superiorfrontal_18,right,rh.superiorfrontal_18,cortical,"array([-0.82050282, 11.39962653])"
106,superiorfrontal_42,right,rh.superiorfrontal_42,cortical,"array([-0.78654598, 11.42583026])"
107,superiorfrontal_13,right,rh.superiorfrontal_13,cortical,"array([-0.80928217, 11.40842173])"
108,superiorfrontal_32,right,rh.superiorfrontal_32,cortical,"array([-0.84616988, 11.39169621])"
109,superiorfrontal_33,right,rh.superiorfrontal_33,cortical,"array([-0.80982312, 11.41865379])"
110,superiorfrontal_28,right,rh.superiorfrontal_28,cortical,"array([-0.7784359, 11.426193 ])"
111,superiorfrontal_41,right,rh.superiorfrontal_41,cortical,"array([-0.79162324, 11.44150984])"
112,superiorfrontal_16,right,rh.superiorfrontal_16,cortical,"array([-0.80266792, 11.43688774])"
113,superiorfrontal_6,right,rh.superiorfrontal_6,cortical,"array([-0.80700259, 11.42744631])"
114,superiorfrontal_9,right,rh.superiorfrontal_9,cortical,"array([-0.87445655, 11.43010534])"
115,superiorfrontal_17,right,rh.superiorfrontal_17,cortical,"array([-0.83077283, 11.41527834])"
116,superiorfrontal_31,right,rh.superiorfrontal_31,cortical,"array([-0.79672044, 11.4266553 ])"
117,superiorfrontal_35,right,rh.superiorfrontal_35,cortical,"array([-0.84221092, 11.4393724 ])"
118,superiorfrontal_34,right,rh.superiorfrontal_34,cortical,"array([-0.82569473, 11.43112857])"
119,superiorfrontal_26,right,rh.superiorfrontal_26,cortical,"array([-0.8109435 , 11.44863121])"
120,caudalmiddlefrontal_8,right,rh.caudalmiddlefrontal_8,cortical,"array([-0.76876521, 11.44389865])"
121,caudalmiddlefrontal_4,right,rh.caudalmiddlefrontal_4,cortical,"array([-0.80580324, 11.47464415])"
122,caudalmiddlefrontal_2,right,rh.caudalmiddlefrontal_2,cortical,"array([-0.82888812, 11.44273222])"
123,caudalmiddlefrontal_3,right,rh.caudalmiddlefrontal_3,cortical,"array([-0.76671263, 11.43794227])"
124,caudalmiddlefrontal_7,right,rh.caudalmiddlefrontal_7,cortical,"array([-0.81619419, 11.442205  ])"
125,caudalmiddlefrontal_5,right,rh.caudalmiddlefrontal_5,cortical,"array([-0.75499758, 11.47387291])"
126,caudalmiddlefrontal_11,right,rh.caudalmiddlefrontal_11,cortical,"array([-0.74768802, 11.45714151])"
127,caudalmiddlefrontal_10,right,rh.caudalmiddlefrontal_10,cortical,"array([-0.75764035, 11.44137772])"
128,caudalmiddlefrontal_1,right,rh.caudalmiddlefrontal_1,cortical,"array([-0.7456484, 11.4313259])"
129,caudalmiddlefrontal_9,right,rh.caudalmiddlefrontal_9,cortical,"array([-0.799586  , 11.41689708])"
130,caudalmiddlefrontal_6,right,rh.caudalmiddlefrontal_6,cortical,"array([-0.75066627, 11.43938862])"
131,precentral_12,right,rh.precentral_12,cortical,"array([-0.74019592, 11.48854081])"
132,precentral_35,right,rh.precentral_35,cortical,"array([-0.74324341, 11.51608248])"
133,precentral_28,right,rh.precentral_28,cortical,"array([-0.79730582, 11.54867447])"
134,precentral_36,right,rh.precentral_36,cortical,"array([-0.73066625, 11.49110288])"
135,precentral_31,right,rh.precentral_31,cortical,"array([-0.80635272, 11.53475353])"
136,precentral_5,right,rh.precentral_5,cortical,"array([-0.78066856, 11.53431795])"
137,precentral_21,right,rh.precentral_21,cortical,"array([-0.81215607, 11.51111434])"
138,precentral_1,right,rh.precentral_1,cortical,"array([-0.82698573, 11.51650773])"
139,precentral_8,right,rh.precentral_8,cortical,"array([-0.77332309, 11.51873731])"
140,precentral_20,right,rh.precentral_20,cortical,"array([-0.74551573, 11.47767982])"
141,precentral_34,right,rh.precentral_34,cortical,"array([-0.79243641, 11.49881739])"
142,precentral_2,right,rh.precentral_2,cortical,"array([-0.83739078, 11.49321545])"
143,precentral_23,right,rh.precentral_23,cortical,"array([-0.74860813, 11.46750574])"
144,precentral_19,right,rh.precentral_19,cortical,"array([-0.7588343 , 11.46609892])"
145,precentral_22,right,rh.precentral_22,cortical,"array([-0.77487276, 11.46820573])"
146,precentral_26,right,rh.precentral_26,cortical,"array([-0.76940337, 11.4834255 ])"
147,precentral_6,right,rh.precentral_6,cortical,"array([-0.83993463, 11.47507843])"
148,precentral_10,right,rh.precentral_10,cortical,"array([-0.81920463, 11.48081321])"
149,precentral_3,right,rh.precentral_3,cortical,"array([-0.78223651, 11.4804804 ])"
150,precentral_9,right,rh.precentral_9,cortical,"array([-0.78218877, 11.46907039])"
151,precentral_4,right,rh.precentral_4,cortical,"array([-0.85376983, 11.47016877])"
152,precentral_32,right,rh.precentral_32,cortical,"array([-0.80380284, 11.46702214])"
153,precentral_16,right,rh.precentral_16,cortical,"array([-0.75593612, 11.45237479])"
154,precentral_15,right,rh.precentral_15,cortical,"array([-0.76817478, 11.46310351])"
155,precentral_30,right,rh.precentral_30,cortical,"array([-0.81560632, 11.49568367])"
156,precentral_18,right,rh.precentral_18,cortical,"array([-0.8290513 , 11.48300753])"
157,precentral_27,right,rh.precentral_27,cortical,"array([-0.79586992, 11.46920869])"
158,precentral_7,right,rh.precentral_7,cortical,"array([-0.76921965, 11.45336257])"
159,precentral_11,right,rh.precentral_11,cortical,"array([-0.8116078 , 11.46173585])"
160,precentral_14,right,rh.precentral_14,cortical,"array([-0.81003666, 11.48511266])"
161,precentral_33,right,rh.precentral_33,cortical,"array([-0.78301354, 11.4544716 ])"
162,precentral_24,right,rh.precentral_24,cortical,"array([-0.82960966, 11.4522301 ])"
163,precentral_13,right,rh.precentral_13,cortical,"array([-0.81765354, 11.45474006])"
164,precentral_29,right,rh.precentral_29,cortical,"array([-0.8017101 , 11.44573016])"
165,precentral_25,right,rh.precentral_25,cortical,"array([-0.84357846, 11.45228206])"
166,precentral_17,right,rh.precentral_17,cortical,"array([-0.86818601, 11.39478954])"
167,paracentral_1,right,rh.paracentral_1,cortical,"array([-0.8834981 , 11.40484294])"
168,paracentral_9,right,rh.paracentral_9,cortical,"array([-0.87477391, 11.38000064])"
169,paracentral_4,right,rh.paracentral_4,cortical,"array([-0.84362289, 11.40681895])"
170,paracentral_2,right,rh.paracentral_2,cortical,"array([-0.84713788, 11.42958263])"
171,paracentral_3,right,rh.paracentral_3,cortical,"array([-0.82098244, 11.4176471 ])"
172,paracentral_5,right,rh.paracentral_5,cortical,"array([-0.85294837, 11.41409612])"
173,paracentral_12,right,rh.paracentral_12,cortical,"array([-0.8602813 , 11.43000179])"
174,paracentral_6,right,rh.paracentral_6,cortical,"array([-0.8567843 , 11.44413564])"
175,paracentral_10,right,rh.paracentral_10,cortical,"array([-0.7818265 , 11.44494992])"
176,paracentral_11,right,rh.paracentral_11,cortical,"array([-0.81397424, 11.43197665])"
177,paracentral_7,right,rh.paracentral_7,cortical,"array([-0.79161543, 11.43402126])"
178,paracentral_8,right,rh.paracentral_8,cortical,"array([-0.77589751, 11.44797243])"
179,rostralanteriorcingulate_2,right,rh.rostralanteriorcingulate_2,cortical,"array([-0.69503862, 11.35853465])"
180,rostralanteriorcingulate_1,right,rh.rostralanteriorcingulate_1,cortical,"array([-0.72220545, 11.38473885])"
181,rostralanteriorcingulate_4,right,rh.rostralanteriorcingulate_4,cortical,"array([-0.68876075, 11.36981981])"
182,rostralanteriorcingulate_3,right,rh.rostralanteriorcingulate_3,cortical,"array([-0.74126724, 11.3961739 ])"
183,caudalanteriorcingulate_1,right,rh.caudalanteriorcingulate_1,cortical,"array([-0.68840187, 11.38167648])"
184,caudalanteriorcingulate_6,right,rh.caudalanteriorcingulate_6,cortical,"array([-0.73299773, 11.39782176])"
185,caudalanteriorcingulate_4,right,rh.caudalanteriorcingulate_4,cortical,"array([-0.71407801, 11.40417027])"
186,caudalanteriorcingulate_2,right,rh.caudalanteriorcingulate_2,cortical,"array([-0.72278665, 11.4188079 ])"
187,caudalanteriorcingulate_3,right,rh.caudalanteriorcingulate_3,cortical,"array([-0.69594148, 11.39220338])"
188,caudalanteriorcingulate_5,right,rh.caudalanteriorcingulate_5,cortical,"array([-0.71449458, 11.42494091])"
189,posteriorcingulate_8,right,rh.posteriorcingulate_8,cortical,"array([-0.73592579, 11.42986576])"
190,posteriorcingulate_1,right,rh.posteriorcingulate_1,cortical,"array([-0.70187837, 11.41994117])"
191,posteriorcingulate_7,right,rh.posteriorcingulate_7,cortical,"array([-0.77033865, 11.42918584])"
192,posteriorcingulate_2,right,rh.posteriorcingulate_2,cortical,"array([-0.77459323, 11.43791265])"
193,posteriorcingulate_5,right,rh.posteriorcingulate_5,cortical,"array([-0.68432949, 11.41700191])"
194,posteriorcingulate_3,right,rh.posteriorcingulate_3,cortical,"array([-0.69346509, 11.42430881])"
195,posteriorcingulate_9,right,rh.posteriorcingulate_9,cortical,"array([-0.69969942, 11.43287121])"
196,posteriorcingulate_4,right,rh.posteriorcingulate_4,cortical,"array([-0.71922292, 11.44471676])"
197,posteriorcingulate_6,right,rh.posteriorcingulate_6,cortical,"array([-0.7487866 , 11.44827914])"
198,isthmuscingulate_3,right,rh.isthmuscingulate_3,cortical,"array([-0.70636895, 11.43902216])"
199,isthmuscingulate_1,right,rh.isthmuscingulate_1,cortical,"array([-0.68459387, 11.43312229])"
200,isthmuscingulate_2,right,rh.isthmuscingulate_2,cortical,"array([-0.71176506, 11.45295199])"
201,isthmuscingulate_4,right,rh.isthmuscingulate_4,cortical,"array([-0.66811369, 11.4279819 ])"
202,isthmuscingulate_5,right,rh.isthmuscingulate_5,cortical,"array([-0.66494879, 11.45331265])"
203,isthmuscingulate_6,right,rh.isthmuscingulate_6,cortical,"array([-0.66794958, 11.46806522])"
204,postcentral_24,right,rh.postcentral_24,cortical,"array([-0.76303368, 11.50778755])"
205,postcentral_26,right,rh.postcentral_26,cortical,"array([-0.7547636 , 11.50678955])"
206,postcentral_6,right,rh.postcentral_6,cortical,"array([-0.79302162, 11.52137494])"
207,postcentral_20,right,rh.postcentral_20,cortical,"array([-0.84559787, 11.54582646])"
208,postcentral_25,right,rh.postcentral_25,cortical,"array([-0.8361077 , 11.52610595])"
209,postcentral_11,right,rh.postcentral_11,cortical,"array([-0.78233574, 11.51473948])"
210,postcentral_3,right,rh.postcentral_3,cortical,"array([-0.82112789, 11.50458422])"
211,postcentral_18,right,rh.postcentral_18,cortical,"array([-0.82566404, 11.49428816])"
212,postcentral_27,right,rh.postcentral_27,cortical,"array([-0.78652298, 11.49252443])"
213,postcentral_13,right,rh.postcentral_13,cortical,"array([-0.7787046 , 11.48945367])"
214,postcentral_23,right,rh.postcentral_23,cortical,"array([-0.84622579, 11.51250588])"
215,postcentral_9,right,rh.postcentral_9,cortical,"array([-0.80170726, 11.49098799])"
216,postcentral_17,right,rh.postcentral_17,cortical,"array([-0.86466785, 11.5097035 ])"
217,postcentral_30,right,rh.postcentral_30,cortical,"array([-0.76023818, 11.49763066])"
218,postcentral_22,right,rh.postcentral_22,cortical,"array([-0.86869062, 11.52971762])"
219,postcentral_7,right,rh.postcentral_7,cortical,"array([-0.80373145, 11.50004081])"
220,postcentral_4,right,rh.postcentral_4,cortical,"array([-0.87588827, 11.49611027])"
221,postcentral_5,right,rh.postcentral_5,cortical,"array([-0.83457932, 11.50609788])"
222,postcentral_29,right,rh.postcentral_29,cortical,"array([-0.7670919 , 11.47001229])"
223,postcentral_1,right,rh.postcentral_1,cortical,"array([-0.864541  , 11.47714928])"
224,postcentral_16,right,rh.postcentral_16,cortical,"array([-0.85603394, 11.49462124])"
225,postcentral_14,right,rh.postcentral_14,cortical,"array([-0.77547982, 11.47647817])"
226,postcentral_12,right,rh.postcentral_12,cortical,"array([-0.84616592, 11.48375494])"
227,postcentral_21,right,rh.postcentral_21,cortical,"array([-0.78550449, 11.46215229])"
228,postcentral_8,right,rh.postcentral_8,cortical,"array([-0.79390657, 11.45967935])"
229,postcentral_10,right,rh.postcentral_10,cortical,"array([-0.8264163 , 11.46282226])"
230,postcentral_2,right,rh.postcentral_2,cortical,"array([-0.79105894, 11.45123346])"
231,postcentral_19,right,rh.postcentral_19,cortical,"array([-0.86075798, 11.45693673])"
232,postcentral_15,right,rh.postcentral_15,cortical,"array([-0.83599442, 11.42594854])"
233,postcentral_28,right,rh.postcentral_28,cortical,"array([-0.84887158, 11.37878957])"
234,supramarginal_19,right,rh.supramarginal_19,cortical,"array([-0.73753532, 11.47810385])"
235,supramarginal_10,right,rh.supramarginal_10,cortical,"array([-0.75278314, 11.51599436])"
236,supramarginal_11,right,rh.supramarginal_11,cortical,"array([-0.745492  , 11.49384737])"
237,supramarginal_13,right,rh.supramarginal_13,cortical,"array([-0.77824488, 11.49658908])"
238,supramarginal_18,right,rh.supramarginal_18,cortical,"array([-0.8046547 , 11.52305314])"
239,supramarginal_20,right,rh.supramarginal_20,cortical,"array([-0.7881539 , 11.54213178])"
240,supramarginal_8,right,rh.supramarginal_8,cortical,"array([-0.72550213, 11.51288364])"
241,supramarginal_4,right,rh.supramarginal_4,cortical,"array([-0.79400965, 11.53281692])"
242,supramarginal_15,right,rh.supramarginal_15,cortical,"array([-0.82243022, 11.53685827])"
243,supramarginal_9,right,rh.supramarginal_9,cortical,"array([-0.76965206, 11.49136421])"
244,supramarginal_3,right,rh.supramarginal_3,cortical,"array([-0.79956811, 11.51040678])"
245,supramarginal_14,right,rh.supramarginal_14,cortical,"array([-0.75588347, 11.52654324])"
246,supramarginal_16,right,rh.supramarginal_16,cortical,"array([-0.77313661, 11.54294307])"
247,supramarginal_2,right,rh.supramarginal_2,cortical,"array([-0.7624578 , 11.53892928])"
248,supramarginal_6,right,rh.supramarginal_6,cortical,"array([-0.73057332, 11.50419031])"
249,supramarginal_12,right,rh.supramarginal_12,cortical,"array([-0.74924535, 11.49995392])"
250,supramarginal_1,right,rh.supramarginal_1,cortical,"array([-0.78399889, 11.50557285])"
251,supramarginal_7,right,rh.supramarginal_7,cortical,"array([-0.76411398, 11.5150069 ])"
252,supramarginal_5,right,rh.supramarginal_5,cortical,"array([-0.72473081, 11.48262527])"
253,supramarginal_17,right,rh.supramarginal_17,cortical,"array([-0.71908266, 11.47897413])"
254,superiorparietal_13,right,rh.superiorparietal_13,cortical,"array([-0.74056624, 11.46965191])"
255,superiorparietal_24,right,rh.superiorparietal_24,cortical,"array([-0.73312009, 11.48441914])"
256,superiorparietal_18,right,rh.superiorparietal_18,cortical,"array([-0.760702  , 11.48892617])"
257,superiorparietal_10,right,rh.superiorparietal_10,cortical,"array([-0.77573761, 11.45963764])"
258,superiorparietal_29,right,rh.superiorparietal_29,cortical,"array([-0.80162887, 11.45545188])"
259,superiorparietal_4,right,rh.superiorparietal_4,cortical,"array([-0.83970895, 11.46227723])"
260,superiorparietal_12,right,rh.superiorparietal_12,cortical,"array([-0.77432562, 11.50760544])"
261,superiorparietal_15,right,rh.superiorparietal_15,cortical,"array([-0.76419382, 11.47669758])"
262,superiorparietal_28,right,rh.superiorparietal_28,cortical,"array([-0.79189406, 11.4863152 ])"
263,superiorparietal_16,right,rh.superiorparietal_16,cortical,"array([-0.74337314, 11.50589409])"
264,superiorparietal_17,right,rh.superiorparietal_17,cortical,"array([-0.76977692, 11.49916941])"
265,superiorparietal_7,right,rh.superiorparietal_7,cortical,"array([-0.79691831, 11.48055159])"
266,superiorparietal_20,right,rh.superiorparietal_20,cortical,"array([-0.7826283 , 11.52594729])"
267,superiorparietal_25,right,rh.superiorparietal_25,cortical,"array([-0.75710879, 11.48078731])"
268,superiorparietal_22,right,rh.superiorparietal_22,cortical,"array([-0.74798137, 11.48376574])"
269,superiorparietal_9,right,rh.superiorparietal_9,cortical,"array([-0.73702427, 11.49716559])"
270,superiorparietal_5,right,rh.superiorparietal_5,cortical,"array([-0.7136168 , 11.46213362])"
271,superiorparietal_26,right,rh.superiorparietal_26,cortical,"array([-0.70072995, 11.45899712])"
272,superiorparietal_23,right,rh.superiorparietal_23,cortical,"array([-0.67785455, 11.47637165])"
273,superiorparietal_2,right,rh.superiorparietal_2,cortical,"array([-0.70036516, 11.48843343])"
274,superiorparietal_14,right,rh.superiorparietal_14,cortical,"array([-0.72373404, 11.49359037])"
275,superiorparietal_11,right,rh.superiorparietal_11,cortical,"array([-0.71170234, 11.51182578])"
276,superiorparietal_21,right,rh.superiorparietal_21,cortical,"array([-0.67724051, 11.49808495])"
277,superiorparietal_19,right,rh.superiorparietal_19,cortical,"array([-0.63602927, 11.49517477])"
278,superiorparietal_6,right,rh.superiorparietal_6,cortical,"array([-0.66440102, 11.4882006 ])"
279,superiorparietal_27,right,rh.superiorparietal_27,cortical,"array([-0.59131809, 11.52710165])"
280,superiorparietal_1,right,rh.superiorparietal_1,cortical,"array([-0.60723687, 11.52468475])"
281,superiorparietal_3,right,rh.superiorparietal_3,cortical,"array([-0.66783952, 11.52563004])"
282,superiorparietal_8,right,rh.superiorparietal_8,cortical,"array([-0.68392062, 11.51184323])"
283,inferiorparietal_13,right,rh.inferiorparietal_13,cortical,"array([-0.71470878, 11.49127189])"
284,inferiorparietal_21,right,rh.inferiorparietal_21,cortical,"array([-0.7328563 , 11.51453161])"
285,inferiorparietal_11,right,rh.inferiorparietal_11,cortical,"array([-0.75085909, 11.55843705])"
286,inferiorparietal_3,right,rh.inferiorparietal_3,cortical,"array([-0.73916823, 11.55773349])"
287,inferiorparietal_4,right,rh.inferiorparietal_4,cortical,"array([-0.76351178, 11.56297323])"
288,inferiorparietal_25,right,rh.inferiorparietal_25,cortical,"array([-0.74570248, 11.52923525])"
289,inferiorparietal_12,right,rh.inferiorparietal_12,cortical,"array([-0.73502851, 11.52458999])"
290,inferiorparietal_8,right,rh.inferiorparietal_8,cortical,"array([-0.71554046, 11.53307248])"
291,inferiorparietal_16,right,rh.inferiorparietal_16,cortical,"array([-0.70755224, 11.55438225])"
292,inferiorparietal_26,right,rh.inferiorparietal_26,cortical,"array([-0.65742846, 11.51947029])"
293,inferiorparietal_2,right,rh.inferiorparietal_2,cortical,"array([-0.70805898, 11.52618133])"
294,inferiorparietal_17,right,rh.inferiorparietal_17,cortical,"array([-0.714814 , 11.5212338])"
295,inferiorparietal_5,right,rh.inferiorparietal_5,cortical,"array([-0.67598478, 11.55477857])"
296,inferiorparietal_1,right,rh.inferiorparietal_1,cortical,"array([-0.69307481, 11.53709482])"
297,inferiorparietal_19,right,rh.inferiorparietal_19,cortical,"array([-0.71904599, 11.54276846])"
298,inferiorparietal_14,right,rh.inferiorparietal_14,cortical,"array([-0.70411307, 11.53571576])"
299,inferiorparietal_9,right,rh.inferiorparietal_9,cortical,"array([-0.72860485, 11.55608013])"
300,inferiorparietal_18,right,rh.inferiorparietal_18,cortical,"array([-0.73429159, 11.53265818])"
301,inferiorparietal_10,right,rh.inferiorparietal_10,cortical,"array([-0.72798465, 11.58070276])"
302,inferiorparietal_20,right,rh.inferiorparietal_20,cortical,"array([-0.71803272, 11.55261556])"
303,inferiorparietal_22,right,rh.inferiorparietal_22,cortical,"array([-0.70035277, 11.54518312])"
304,inferiorparietal_23,right,rh.inferiorparietal_23,cortical,"array([-0.69525248, 11.55513181])"
305,inferiorparietal_6,right,rh.inferiorparietal_6,cortical,"array([-0.68254899, 11.54155609])"
306,inferiorparietal_7,right,rh.inferiorparietal_7,cortical,"array([-0.66225004, 11.53492071])"
307,inferiorparietal_15,right,rh.inferiorparietal_15,cortical,"array([-0.69617201, 11.52848825])"
308,inferiorparietal_24,right,rh.inferiorparietal_24,cortical,"array([-0.68347245, 11.53049608])"
309,precuneus_2,right,rh.precuneus_2,cortical,"array([-0.66263771, 11.50481388])"
310,precuneus_1,right,rh.precuneus_1,cortical,"array([-0.7040129 , 11.50566026])"
311,precuneus_3,right,rh.precuneus_3,cortical,"array([-0.69285602, 11.51150566])"
312,precuneus_6,right,rh.precuneus_6,cortical,"array([-0.69578605, 11.50008915])"
313,precuneus_19,right,rh.precuneus_19,cortical,"array([-0.68188899, 11.48608889])"
314,precuneus_10,right,rh.precuneus_10,cortical,"array([-0.70304807, 11.47814339])"
315,precuneus_16,right,rh.precuneus_16,cortical,"array([-0.71493496, 11.47042592])"
316,precuneus_12,right,rh.precuneus_12,cortical,"array([-0.65341117, 11.47540379])"
317,precuneus_22,right,rh.precuneus_22,cortical,"array([-0.6489067 , 11.46314793])"
318,precuneus_9,right,rh.precuneus_9,cortical,"array([-0.70537516, 11.46920006])"
319,precuneus_21,right,rh.precuneus_21,cortical,"array([-0.6766493, 11.4596804])"
320,precuneus_7,right,rh.precuneus_7,cortical,"array([-0.69501415, 11.47109883])"
321,precuneus_15,right,rh.precuneus_15,cortical,"array([-0.68232332, 11.44638697])"
322,precuneus_14,right,rh.precuneus_14,cortical,"array([-0.68626568, 11.46714135])"
323,precuneus_11,right,rh.precuneus_11,cortical,"array([-0.6919641 , 11.45644717])"
324,precuneus_8,right,rh.precuneus_8,cortical,"array([-0.70392386, 11.45028418])"
325,precuneus_20,right,rh.precuneus_20,cortical,"array([-0.7223725 , 11.46728648])"
326,precuneus_4,right,rh.precuneus_4,cortical,"array([-0.72200545, 11.45435632])"
327,precuneus_5,right,rh.precuneus_5,cortical,"array([-0.73403085, 11.44244669])"
328,precuneus_23,right,rh.precuneus_23,cortical,"array([-0.76272182, 11.45753856])"
329,precuneus_18,right,rh.precuneus_18,cortical,"array([-0.74215827, 11.43830267])"
330,precuneus_13,right,rh.precuneus_13,cortical,"array([-0.81879442, 11.4710062 ])"
331,precuneus_17,right,rh.precuneus_17,cortical,"array([-0.82888235, 11.47227171])"
332,cuneus_1,right,rh.cuneus_1,cortical,"array([-0.64320382, 11.53900037])"
333,cuneus_2,right,rh.cuneus_2,cortical,"array([-0.57804198, 11.58294752])"
334,cuneus_8,right,rh.cuneus_8,cortical,"array([-0.63119678, 11.53933697])"
335,cuneus_3,right,rh.cuneus_3,cortical,"array([-0.60977746, 11.50756671])"
336,cuneus_7,right,rh.cuneus_7,cortical,"array([-0.58739384, 11.54484982])"
337,cuneus_6,right,rh.cuneus_6,cortical,"array([-0.60921785, 11.53933846])"
338,cuneus_5,right,rh.cuneus_5,cortical,"array([-0.61789203, 11.54895559])"
339,cuneus_4,right,rh.cuneus_4,cortical,"array([-0.59649198, 11.56943268])"
340,pericalcarine_1,right,rh.pericalcarine_1,cortical,"array([-0.67722875, 11.5222871 ])"
341,pericalcarine_5,right,rh.pericalcarine_5,cortical,"array([-0.65517347, 11.54352666])"
342,pericalcarine_3,right,rh.pericalcarine_3,cortical,"array([-0.60288611, 11.55274679])"
343,pericalcarine_7,right,rh.pericalcarine_7,cortical,"array([-0.64775279, 11.52864571])"
344,pericalcarine_2,right,rh.pericalcarine_2,cortical,"array([-0.64672172, 11.55125861])"
345,pericalcarine_6,right,rh.pericalcarine_6,cortical,"array([-0.61631378, 11.60643227])"
346,pericalcarine_4,right,rh.pericalcarine_4,cortical,"array([-0.6329632 , 11.57185683])"
347,pericalcarine_8,right,rh.pericalcarine_8,cortical,"array([-0.63646405, 11.59086613])"
348,lateraloccipital_18,right,rh.lateraloccipital_18,cortical,"array([-0.63727077, 11.55971987])"
349,lateraloccipital_13,right,rh.lateraloccipital_13,cortical,"array([-0.59857148, 11.58486646])"
350,lateraloccipital_12,right,rh.lateraloccipital_12,cortical,"array([-0.61168183, 11.58293936])"
351,lateraloccipital_20,right,rh.lateraloccipital_20,cortical,"array([-0.60117497, 11.59949319])"
352,lateraloccipital_1,right,rh.lateraloccipital_1,cortical,"array([-0.62037641, 11.62126121])"
353,lateraloccipital_9,right,rh.lateraloccipital_9,cortical,"array([-0.65895817, 11.57127889])"
354,lateraloccipital_15,right,rh.lateraloccipital_15,cortical,"array([-0.66208343, 11.55076122])"
355,lateraloccipital_16,right,rh.lateraloccipital_16,cortical,"array([-0.62512891, 11.56290391])"
356,lateraloccipital_23,right,rh.lateraloccipital_23,cortical,"array([-0.67137867, 11.54524879])"
357,lateraloccipital_7,right,rh.lateraloccipital_7,cortical,"array([-0.67287078, 11.5368991 ])"
358,lateraloccipital_3,right,rh.lateraloccipital_3,cortical,"array([-0.68780972, 11.5484287 ])"
359,lateraloccipital_17,right,rh.lateraloccipital_17,cortical,"array([-0.67032795, 11.58359908])"
360,lateraloccipital_14,right,rh.lateraloccipital_14,cortical,"array([-0.64840728, 11.60367312])"
361,lateraloccipital_21,right,rh.lateraloccipital_21,cortical,"array([-0.62523554, 11.5943885 ])"
362,lateraloccipital_10,right,rh.lateraloccipital_10,cortical,"array([-0.64200521, 11.57938361])"
363,lateraloccipital_8,right,rh.lateraloccipital_8,cortical,"array([-0.64629297, 11.5689915 ])"
364,lateraloccipital_4,right,rh.lateraloccipital_4,cortical,"array([-0.65829461, 11.58299219])"
365,lateraloccipital_19,right,rh.lateraloccipital_19,cortical,"array([-0.66208889, 11.61228421])"
366,lateraloccipital_6,right,rh.lateraloccipital_6,cortical,"array([-0.6610993 , 11.59470589])"
367,lateraloccipital_2,right,rh.lateraloccipital_2,cortical,"array([-0.67352509, 11.57428453])"
368,lateraloccipital_5,right,rh.lateraloccipital_5,cortical,"array([-0.69158173, 11.56616146])"
369,lateraloccipital_22,right,rh.lateraloccipital_22,cortical,"array([-0.68789752, 11.57901635])"
370,lateraloccipital_11,right,rh.lateraloccipital_11,cortical,"array([-0.67093436, 11.60039695])"
371,lingual_16,right,rh.lingual_16,cortical,"array([-0.62327085, 11.58194018])"
372,lingual_8,right,rh.lingual_8,cortical,"array([-0.6214602 , 11.63704658])"
373,lingual_14,right,rh.lingual_14,cortical,"array([-0.63837451, 11.62982221])"
374,lingual_4,right,rh.lingual_4,cortical,"array([-0.65406484, 11.55890996])"
375,lingual_10,right,rh.lingual_10,cortical,"array([-0.6338683, 11.6036529])"
376,lingual_13,right,rh.lingual_13,cortical,"array([-0.57439359, 11.56392511])"
377,lingual_11,right,rh.lingual_11,cortical,"array([-0.5995513 , 11.62190707])"
378,lingual_9,right,rh.lingual_9,cortical,"array([-0.61574608, 11.56948982])"
379,lingual_12,right,rh.lingual_12,cortical,"array([-0.65012909, 11.59061158])"
380,lingual_3,right,rh.lingual_3,cortical,"array([-0.66726566, 11.56350168])"
381,lingual_2,right,rh.lingual_2,cortical,"array([-0.63033367, 11.54935239])"
382,lingual_7,right,rh.lingual_7,cortical,"array([-0.62485508, 11.52691239])"
383,lingual_1,right,rh.lingual_1,cortical,"array([-0.646665  , 11.61335805])"
384,lingual_6,right,rh.lingual_6,cortical,"array([-0.70400951, 11.51694152])"
385,lingual_15,right,rh.lingual_15,cortical,"array([-0.6936271 , 11.51879607])"
386,lingual_17,right,rh.lingual_17,cortical,"array([-0.63127217, 11.51021167])"
387,lingual_5,right,rh.lingual_5,cortical,"array([-0.70940372, 11.5439222 ])"
388,fusiform_9,right,rh.fusiform_9,cortical,"array([-0.68073832, 11.58953509])"
389,fusiform_2,right,rh.fusiform_2,cortical,"array([-0.68093535, 11.56412554])"
390,fusiform_5,right,rh.fusiform_5,cortical,"array([-0.67702691, 11.61262532])"
391,fusiform_12,right,rh.fusiform_12,cortical,"array([-0.68274557, 11.60098296])"
392,fusiform_14,right,rh.fusiform_14,cortical,"array([-0.6978879, 11.5766301])"
393,fusiform_8,right,rh.fusiform_8,cortical,"array([-0.69623303, 11.59696615])"
394,fusiform_6,right,rh.fusiform_6,cortical,"array([-0.67322394, 11.62412634])"
395,fusiform_17,right,rh.fusiform_17,cortical,"array([-0.70144193, 11.56482584])"
396,fusiform_15,right,rh.fusiform_15,cortical,"array([-0.71103627, 11.56427337])"
397,fusiform_11,right,rh.fusiform_11,cortical,"array([-0.68993418, 11.61293716])"
398,fusiform_13,right,rh.fusiform_13,cortical,"array([-0.69969372, 11.58606407])"
399,fusiform_7,right,rh.fusiform_7,cortical,"array([-0.70019769, 11.60921005])"
400,fusiform_4,right,rh.fusiform_4,cortical,"array([-0.70880002, 11.5943515 ])"
401,fusiform_3,right,rh.fusiform_3,cortical,"array([-0.71950019, 11.58784775])"
402,fusiform_1,right,rh.fusiform_1,cortical,"array([-0.74400964, 11.60812173])"
403,fusiform_10,right,rh.fusiform_10,cortical,"array([-0.76075075, 11.59120421])"
404,fusiform_16,right,rh.fusiform_16,cortical,"array([-0.79370132, 11.60878303])"
405,parahippocampal_3,right,rh.parahippocampal_3,cortical,"array([-0.67158466, 11.51235024])"
406,parahippocampal_2,right,rh.parahippocampal_2,cortical,"array([-0.72152217, 11.56389084])"
407,parahippocampal_1,right,rh.parahippocampal_1,cortical,"array([-0.65312887, 11.50790711])"
408,parahippocampal_6,right,rh.parahippocampal_6,cortical,"array([-0.72932895, 11.59197528])"
409,parahippocampal_5,right,rh.parahippocampal_5,cortical,"array([-0.63915403, 11.519797  ])"
410,parahippocampal_4,right,rh.parahippocampal_4,cortical,"array([-0.72682789, 11.63083556])"
411,entorhinal_1,right,rh.entorhinal_1,cortical,"array([-0.75132066, 11.64137809])"
412,entorhinal_2,right,rh.entorhinal_2,cortical,"array([-0.72352577, 11.61924221])"
413,temporalpole_1,right,rh.temporalpole_1,cortical,"array([-0.79741495, 11.6613237 ])"
414,temporalpole_2,right,rh.temporalpole_2,cortical,"array([-0.80128993, 11.61713622])"
415,temporalpole_3,right,rh.temporalpole_3,cortical,"array([-0.81593794, 11.62709686])"
416,inferiortemporal_16,right,rh.inferiortemporal_16,cortical,"array([-0.77459557, 11.59125088])"
417,inferiortemporal_3,right,rh.inferiortemporal_3,cortical,"array([-0.77473578, 11.62856491])"
418,inferiortemporal_5,right,rh.inferiortemporal_5,cortical,"array([-0.77453845, 11.60121154])"
419,inferiortemporal_9,right,rh.inferiortemporal_9,cortical,"array([-0.73489569, 11.64185647])"
420,inferiortemporal_11,right,rh.inferiortemporal_11,cortical,"array([-0.7377192 , 11.59751694])"
421,inferiortemporal_8,right,rh.inferiortemporal_8,cortical,"array([-0.72715918, 11.66606522])"
422,inferiortemporal_1,right,rh.inferiortemporal_1,cortical,"array([-0.72967903, 11.60990776])"
423,inferiortemporal_4,right,rh.inferiortemporal_4,cortical,"array([-0.74835536, 11.66724557])"
424,inferiortemporal_7,right,rh.inferiortemporal_7,cortical,"array([-0.7131215 , 11.60552721])"
425,inferiortemporal_2,right,rh.inferiortemporal_2,cortical,"array([-0.7017269 , 11.64706814])"
426,inferiortemporal_6,right,rh.inferiortemporal_6,cortical,"array([-0.72208255, 11.60099596])"
427,inferiortemporal_10,right,rh.inferiortemporal_10,cortical,"array([-0.68417176, 11.64609296])"
428,inferiortemporal_12,right,rh.inferiortemporal_12,cortical,"array([-0.68436882, 11.65919853])"
429,inferiortemporal_15,right,rh.inferiortemporal_15,cortical,"array([-0.72046646, 11.5728514 ])"
430,inferiortemporal_14,right,rh.inferiortemporal_14,cortical,"array([-0.69366645, 11.62707106])"
431,inferiortemporal_13,right,rh.inferiortemporal_13,cortical,"array([-0.70918302, 11.57399195])"
432,middletemporal_12,right,rh.middletemporal_12,cortical,"array([-0.71085927, 11.58456308])"
433,middletemporal_16,right,rh.middletemporal_16,cortical,"array([-0.71441127, 11.63371617])"
434,middletemporal_13,right,rh.middletemporal_13,cortical,"array([-0.72361667, 11.64567225])"
435,middletemporal_15,right,rh.middletemporal_15,cortical,"array([-0.71260387, 11.6160107 ])"
436,middletemporal_6,right,rh.middletemporal_6,cortical,"array([-0.70092585, 11.66589836])"
437,middletemporal_11,right,rh.middletemporal_11,cortical,"array([-0.71395186, 11.67696858])"
438,middletemporal_10,right,rh.middletemporal_10,cortical,"array([-0.74045549, 11.65736765])"
439,middletemporal_4,right,rh.middletemporal_4,cortical,"array([-0.74026191, 11.58729618])"
440,middletemporal_14,right,rh.middletemporal_14,cortical,"array([-0.7406113 , 11.62817839])"
441,middletemporal_7,right,rh.middletemporal_7,cortical,"array([-0.75340579, 11.68707322])"
442,middletemporal_17,right,rh.middletemporal_17,cortical,"array([-0.73104933, 11.68391468])"
443,middletemporal_8,right,rh.middletemporal_8,cortical,"array([-0.71404262, 11.65581515])"
444,middletemporal_9,right,rh.middletemporal_9,cortical,"array([-0.73766762, 11.61824008])"
445,middletemporal_1,right,rh.middletemporal_1,cortical,"array([-0.7708461 , 11.66945834])"
446,middletemporal_3,right,rh.middletemporal_3,cortical,"array([-0.7511208 , 11.62351951])"
447,middletemporal_5,right,rh.middletemporal_5,cortical,"array([-0.76523979, 11.64990247])"
448,middletemporal_19,right,rh.middletemporal_19,cortical,"array([-0.74993427, 11.59914976])"
449,middletemporal_2,right,rh.middletemporal_2,cortical,"array([-0.76003619, 11.60291988])"
450,middletemporal_18,right,rh.middletemporal_18,cortical,"array([-0.78026404, 11.61684048])"
451,bankssts_3,right,rh.bankssts_3,cortical,"array([-0.74902252, 11.58100984])"
452,bankssts_6,right,rh.bankssts_6,cortical,"array([-0.70555025, 11.6253726 ])"
453,bankssts_2,right,rh.bankssts_2,cortical,"array([-0.73416788, 11.5736473 ])"
454,bankssts_1,right,rh.bankssts_1,cortical,"array([-0.73451079, 11.54817657])"
455,bankssts_4,right,rh.bankssts_4,cortical,"array([-0.774192  , 11.56066802])"
456,bankssts_5,right,rh.bankssts_5,cortical,"array([-0.75296941, 11.54291576])"
457,superiortemporal_9,right,rh.superiortemporal_9,cortical,"array([-0.81004175, 11.55846306])"
458,superiortemporal_25,right,rh.superiortemporal_25,cortical,"array([-0.78702291, 11.56130175])"
459,superiortemporal_14,right,rh.superiortemporal_14,cortical,"array([-0.74362981, 11.53978376])"
460,superiortemporal_6,right,rh.superiortemporal_6,cortical,"array([-0.79452846, 11.57959495])"
461,superiortemporal_7,right,rh.superiortemporal_7,cortical,"array([-0.82506383, 11.58094641])"
462,superiortemporal_16,right,rh.superiortemporal_16,cortical,"array([-0.77986131, 11.57540856])"
463,superiortemporal_19,right,rh.superiortemporal_19,cortical,"array([-0.84450463, 11.59871224])"
464,superiortemporal_15,right,rh.superiortemporal_15,cortical,"array([-0.83278451, 11.61301957])"
465,superiortemporal_12,right,rh.superiortemporal_12,cortical,"array([-0.81667685, 11.60646182])"
466,superiortemporal_21,right,rh.superiortemporal_21,cortical,"array([-0.75393319, 11.57341098])"
467,superiortemporal_24,right,rh.superiortemporal_24,cortical,"array([-0.75492125, 11.61105296])"
468,superiortemporal_2,right,rh.superiortemporal_2,cortical,"array([-0.81951711, 11.65474545])"
469,superiortemporal_22,right,rh.superiortemporal_22,cortical,"array([-0.85093415, 11.67553226])"
470,superiortemporal_13,right,rh.superiortemporal_13,cortical,"array([-0.85482283, 11.64122055])"
471,superiortemporal_5,right,rh.superiortemporal_5,cortical,"array([-0.78219908, 11.64029153])"
472,superiortemporal_11,right,rh.superiortemporal_11,cortical,"array([-0.74395039, 11.56923053])"
473,superiortemporal_3,right,rh.superiortemporal_3,cortical,"array([-0.87226622, 11.73523971])"
474,superiortemporal_17,right,rh.superiortemporal_17,cortical,"array([-0.82806295, 11.69805257])"
475,superiortemporal_18,right,rh.superiortemporal_18,cortical,"array([-0.76378291, 11.6210644 ])"
476,superiortemporal_8,right,rh.superiortemporal_8,cortical,"array([-0.76284921, 11.63569919])"
477,superiortemporal_4,right,rh.superiortemporal_4,cortical,"array([-0.82450095, 11.73749015])"
478,superiortemporal_23,right,rh.superiortemporal_23,cortical,"array([-0.76903326, 11.61050676])"
479,superiortemporal_20,right,rh.superiortemporal_20,cortical,"array([-0.78463554, 11.59054361])"
480,superiortemporal_10,right,rh.superiortemporal_10,cortical,"array([-0.78999306, 11.62752824])"
481,superiortemporal_1,right,rh.superiortemporal_1,cortical,"array([-0.80093299, 11.59657074])"
482,transversetemporal_1,right,rh.transversetemporal_1,cortical,"array([-0.80603684, 11.63910739])"
483,transversetemporal_2,right,rh.transversetemporal_2,cortical,"array([-0.76839569, 11.57926607])"
484,transversetemporal_3,right,rh.transversetemporal_3,cortical,"array([-0.72348591, 11.52331166])"
485,insula_16,right,rh.insula_16,cortical,"array([-0.71022853, 11.48202485])"
486,insula_13,right,rh.insula_13,cortical,"array([-0.73587549, 11.46159473])"
487,insula_6,right,rh.insula_6,cortical,"array([-0.75641293, 11.45959361])"
488,insula_4,right,rh.insula_4,cortical,"array([-0.7904186 , 11.50939903])"
489,insula_5,right,rh.insula_5,cortical,"array([-0.72526856, 11.53119848])"
490,insula_15,right,rh.insula_15,cortical,"array([-0.72881359, 11.5428731 ])"
491,insula_8,right,rh.insula_8,cortical,"array([-0.81464452, 11.52344217])"
492,insula_11,right,rh.insula_11,cortical,"array([-0.78743156, 11.47580996])"
493,insula_10,right,rh.insula_10,cortical,"array([-0.76196598, 11.44867814])"
494,insula_1,right,rh.insula_1,cortical,"array([-0.74115826, 11.42131668])"
495,insula_7,right,rh.insula_7,cortical,"array([-0.78382007, 11.43377386])"
496,insula_14,right,rh.insula_14,cortical,"array([-0.76664426, 11.52907713])"
497,insula_3,right,rh.insula_3,cortical,"array([-0.74654342, 11.55052053])"
498,insula_2,right,rh.insula_2,cortical,"array([-0.76337476, 11.55265146])"
499,insula_12,right,rh.insula_12,cortical,"array([-0.75394082, 11.49033847])"
500,insula_9,right,rh.insula_9,cortical,"array([-0.72555446, 11.4384827 ])"
501,Right-Thalamus-Proper,right,Right-Thalamus-Proper,subcortical,"array([-0.69507713, 11.44441417])"
502,Right-Caudate,right,Right-Caudate,subcortical,"array([-0.697206  , 11.40090697])"
503,Right-Putamen,right,Right-Putamen,subcortical,"array([-0.73306014, 11.46829246])"
504,Right-Pallidum,right,Right-Pallidum,subcortical,"array([-0.73457184, 11.45330941])"
505,Right-Accumbens-area,right,Right-Accumbens-area,subcortical,"array([-0.67733918, 11.37612422])"
506,Right-Hippocampus,right,Right-Hippocampus,subcortical,"array([-0.70983352, 11.49716312])"
507,Right-Amygdala,right,Right-Amygdala,subcortical,"array([-0.72161528, 11.50459997])"
508,lateralorbitofrontal_9,left,lh.lateralorbitofrontal_9,cortical,"array([-0.65032825, 11.22260972])"
509,lateralorbitofrontal_4,left,lh.lateralorbitofrontal_4,cortical,"array([-0.68295255, 11.25017508])"
510,lateralorbitofrontal_6,left,lh.lateralorbitofrontal_6,cortical,"array([-0.65598087, 11.30056746])"
511,lateralorbitofrontal_3,left,lh.lateralorbitofrontal_3,cortical,"array([-0.64148746, 11.2584069 ])"
512,lateralorbitofrontal_13,left,lh.lateralorbitofrontal_13,cortical,"array([-0.62102525, 11.25514005])"
513,lateralorbitofrontal_2,left,lh.lateralorbitofrontal_2,cortical,"array([-0.65593217, 11.28743001])"
514,lateralorbitofrontal_16,left,lh.lateralorbitofrontal_16,cortical,"array([-0.70095312, 11.20364521])"
515,lateralorbitofrontal_7,left,lh.lateralorbitofrontal_7,cortical,"array([-0.64007444, 11.21454793])"
516,lateralorbitofrontal_10,left,lh.lateralorbitofrontal_10,cortical,"array([-0.62154959, 11.28676144])"
517,lateralorbitofrontal_12,left,lh.lateralorbitofrontal_12,cortical,"array([-0.64967056, 11.26781732])"
518,lateralorbitofrontal_14,left,lh.lateralorbitofrontal_14,cortical,"array([-0.67816707, 11.20016603])"
519,lateralorbitofrontal_11,left,lh.lateralorbitofrontal_11,cortical,"array([-0.6618646 , 11.27242974])"
520,lateralorbitofrontal_8,left,lh.lateralorbitofrontal_8,cortical,"array([-0.58655324, 11.25824936])"
521,lateralorbitofrontal_5,left,lh.lateralorbitofrontal_5,cortical,"array([-0.57701132, 11.28453857])"
522,lateralorbitofrontal_1,left,lh.lateralorbitofrontal_1,cortical,"array([-0.58529957, 11.29577171])"
523,lateralorbitofrontal_15,left,lh.lateralorbitofrontal_15,cortical,"array([-0.63303273, 11.30135218])"
524,parsorbitalis_3,left,lh.parsorbitalis_3,cortical,"array([-0.59987088, 11.30864391])"
525,parsorbitalis_2,left,lh.parsorbitalis_2,cortical,"array([-0.63620457, 11.22751241])"
526,parsorbitalis_1,left,lh.parsorbitalis_1,cortical,"array([-0.65386577, 11.20442252])"
527,parsorbitalis_4,left,lh.parsorbitalis_4,cortical,"array([-0.66367062, 11.21769303])"
528,frontalpole_1,left,lh.frontalpole_1,cortical,"array([-0.6854612 , 11.22366242])"
529,frontalpole_2,left,lh.frontalpole_2,cortical,"array([-0.66940332, 11.28277398])"
530,medialorbitofrontal_6,left,lh.medialorbitofrontal_6,cortical,"array([-0.66077713, 11.24261565])"
531,medialorbitofrontal_8,left,lh.medialorbitofrontal_8,cortical,"array([-0.65784942, 11.25385726])"
532,medialorbitofrontal_4,left,lh.medialorbitofrontal_4,cortical,"array([-0.60490785, 11.27009678])"
533,medialorbitofrontal_5,left,lh.medialorbitofrontal_5,cortical,"array([-0.6017317 , 11.29163249])"
534,medialorbitofrontal_3,left,lh.medialorbitofrontal_3,cortical,"array([-0.67355185, 11.24235308])"
535,medialorbitofrontal_10,left,lh.medialorbitofrontal_10,cortical,"array([-0.66642234, 11.26029264])"
536,medialorbitofrontal_9,left,lh.medialorbitofrontal_9,cortical,"array([-0.6838107 , 11.27885319])"
537,medialorbitofrontal_7,left,lh.medialorbitofrontal_7,cortical,"array([-0.63083352, 11.27999655])"
538,medialorbitofrontal_1,left,lh.medialorbitofrontal_1,cortical,"array([-0.68368949, 11.26325032])"
539,medialorbitofrontal_2,left,lh.medialorbitofrontal_2,cortical,"array([-0.64453761, 11.32208355])"
540,parstriangularis_3,left,lh.parstriangularis_3,cortical,"array([-0.64090225, 11.29343794])"
541,parstriangularis_4,left,lh.parstriangularis_4,cortical,"array([-0.6299313 , 11.23529534])"
542,parstriangularis_7,left,lh.parstriangularis_7,cortical,"array([-0.63784648, 11.26992881])"
543,parstriangularis_5,left,lh.parstriangularis_5,cortical,"array([-0.63200061, 11.25598624])"
544,parstriangularis_6,left,lh.parstriangularis_6,cortical,"array([-0.57831228, 11.27721564])"
545,parstriangularis_2,left,lh.parstriangularis_2,cortical,"array([-0.56912091, 11.28139685])"
546,parstriangularis_1,left,lh.parstriangularis_1,cortical,"array([-0.61017279, 11.33475248])"
547,parsopercularis_6,left,lh.parsopercularis_6,cortical,"array([-0.5460161 , 11.27702822])"
548,parsopercularis_7,left,lh.parsopercularis_7,cortical,"array([-0.56304435, 11.29739484])"
549,parsopercularis_2,left,lh.parsopercularis_2,cortical,"array([-0.60820516, 11.31016682])"
550,parsopercularis_9,left,lh.parsopercularis_9,cortical,"array([-0.58682098, 11.31212589])"
551,parsopercularis_8,left,lh.parsopercularis_8,cortical,"array([-0.56875889, 11.27307624])"
552,parsopercularis_4,left,lh.parsopercularis_4,cortical,"array([-0.56268419, 11.26702585])"
553,parsopercularis_10,left,lh.parsopercularis_10,cortical,"array([-0.60776874, 11.23770114])"
554,parsopercularis_3,left,lh.parsopercularis_3,cortical,"array([-0.54966056, 11.30439298])"
555,parsopercularis_5,left,lh.parsopercularis_5,cortical,"array([-0.57055345, 11.21424765])"
556,parsopercularis_1,left,lh.parsopercularis_1,cortical,"array([-0.50036302, 11.26361469])"
557,rostralmiddlefrontal_17,left,lh.rostralmiddlefrontal_17,cortical,"array([-0.6290676 , 11.29265016])"
558,rostralmiddlefrontal_15,left,lh.rostralmiddlefrontal_15,cortical,"array([-0.56934885, 11.30741582])"
559,rostralmiddlefrontal_13,left,lh.rostralmiddlefrontal_13,cortical,"array([-0.57708615, 11.2915762 ])"
560,rostralmiddlefrontal_9,left,lh.rostralmiddlefrontal_9,cortical,"array([-0.56971181, 11.29914672])"
561,rostralmiddlefrontal_19,left,lh.rostralmiddlefrontal_19,cortical,"array([-0.58444656, 11.28679861])"
562,rostralmiddlefrontal_16,left,lh.rostralmiddlefrontal_16,cortical,"array([-0.59964115, 11.34559913])"
563,rostralmiddlefrontal_6,left,lh.rostralmiddlefrontal_6,cortical,"array([-0.59136533, 11.33639369])"
564,rostralmiddlefrontal_22,left,lh.rostralmiddlefrontal_22,cortical,"array([-0.62116448, 11.27503971])"
565,rostralmiddlefrontal_4,left,lh.rostralmiddlefrontal_4,cortical,"array([-0.56838909, 11.2904424 ])"
566,rostralmiddlefrontal_26,left,lh.rostralmiddlefrontal_26,cortical,"array([-0.57823587, 11.30109079])"
567,rostralmiddlefrontal_18,left,lh.rostralmiddlefrontal_18,cortical,"array([-0.60368783, 11.28494203])"
568,rostralmiddlefrontal_24,left,lh.rostralmiddlefrontal_24,cortical,"array([-0.60241859, 11.30052272])"
569,rostralmiddlefrontal_5,left,lh.rostralmiddlefrontal_5,cortical,"array([-0.61341311, 11.2740634 ])"
570,rostralmiddlefrontal_10,left,lh.rostralmiddlefrontal_10,cortical,"array([-0.59389382, 11.23997046])"
571,rostralmiddlefrontal_21,left,lh.rostralmiddlefrontal_21,cortical,"array([-0.60391326, 11.25039158])"
572,rostralmiddlefrontal_23,left,lh.rostralmiddlefrontal_23,cortical,"array([-0.59361594, 11.28703139])"
573,rostralmiddlefrontal_12,left,lh.rostralmiddlefrontal_12,cortical,"array([-0.59757825, 11.32661335])"
574,rostralmiddlefrontal_11,left,lh.rostralmiddlefrontal_11,cortical,"array([-0.64795686, 11.27874075])"
575,rostralmiddlefrontal_8,left,lh.rostralmiddlefrontal_8,cortical,"array([-0.61270878, 11.25621191])"
576,rostralmiddlefrontal_20,left,lh.rostralmiddlefrontal_20,cortical,"array([-0.64273419, 11.30873714])"
577,rostralmiddlefrontal_7,left,lh.rostralmiddlefrontal_7,cortical,"array([-0.58009382, 11.27010906])"
578,rostralmiddlefrontal_14,left,lh.rostralmiddlefrontal_14,cortical,"array([-0.62908854, 11.26553615])"
579,rostralmiddlefrontal_3,left,lh.rostralmiddlefrontal_3,cortical,"array([-0.58603343, 11.26582558])"
580,rostralmiddlefrontal_2,left,lh.rostralmiddlefrontal_2,cortical,"array([-0.63784491, 11.28359715])"
581,rostralmiddlefrontal_25,left,lh.rostralmiddlefrontal_25,cortical,"array([-0.61104803, 11.29116165])"
582,rostralmiddlefrontal_1,left,lh.rostralmiddlefrontal_1,cortical,"array([-0.61083203, 11.26289954])"
583,superiorfrontal_11,left,lh.superiorfrontal_11,cortical,"array([-0.62102995, 11.24261249])"
584,superiorfrontal_32,left,lh.superiorfrontal_32,cortical,"array([-0.60196552, 11.2434893 ])"
585,superiorfrontal_8,left,lh.superiorfrontal_8,cortical,"array([-0.61255361, 11.2471721 ])"
586,superiorfrontal_14,left,lh.superiorfrontal_14,cortical,"array([-0.61451857, 11.28181932])"
587,superiorfrontal_16,left,lh.superiorfrontal_16,cortical,"array([-0.64349554, 11.24729001])"
588,superiorfrontal_10,left,lh.superiorfrontal_10,cortical,"array([-0.63269013, 11.24608795])"
589,superiorfrontal_35,left,lh.superiorfrontal_35,cortical,"array([-0.5981583 , 11.26739535])"
590,superiorfrontal_42,left,lh.superiorfrontal_42,cortical,"array([-0.58283828, 11.25105186])"
591,superiorfrontal_24,left,lh.superiorfrontal_24,cortical,"array([-0.61701022, 11.2329446 ])"
592,superiorfrontal_39,left,lh.superiorfrontal_39,cortical,"array([-0.64560547, 11.23544727])"
593,superiorfrontal_23,left,lh.superiorfrontal_23,cortical,"array([-0.61845556, 11.26539211])"
594,superiorfrontal_9,left,lh.superiorfrontal_9,cortical,"array([-0.66200728, 11.22943002])"
595,superiorfrontal_1,left,lh.superiorfrontal_1,cortical,"array([-0.62328716, 11.21244421])"
596,superiorfrontal_38,left,lh.superiorfrontal_38,cortical,"array([-0.57933698, 11.26166964])"
597,superiorfrontal_45,left,lh.superiorfrontal_45,cortical,"array([-0.60743112, 11.22741136])"
598,superiorfrontal_12,left,lh.superiorfrontal_12,cortical,"array([-0.65938961, 11.18509246])"
599,superiorfrontal_4,left,lh.superiorfrontal_4,cortical,"array([-0.62508813, 11.2246386 ])"
600,superiorfrontal_21,left,lh.superiorfrontal_21,cortical,"array([-0.60186399, 11.25938698])"
601,superiorfrontal_29,left,lh.superiorfrontal_29,cortical,"array([-0.60193372, 11.27625603])"
602,superiorfrontal_44,left,lh.superiorfrontal_44,cortical,"array([-0.58526654, 11.2790969 ])"
603,superiorfrontal_19,left,lh.superiorfrontal_19,cortical,"array([-0.61217542, 11.22067296])"
604,superiorfrontal_30,left,lh.superiorfrontal_30,cortical,"array([-0.63590602, 11.20164076])"
605,superiorfrontal_28,left,lh.superiorfrontal_28,cortical,"array([-0.61062213, 11.19656749])"
606,superiorfrontal_22,left,lh.superiorfrontal_22,cortical,"array([-0.59381661, 11.24960085])"
607,superiorfrontal_27,left,lh.superiorfrontal_27,cortical,"array([-0.58167071, 11.23376357])"
608,superiorfrontal_20,left,lh.superiorfrontal_20,cortical,"array([-0.58588562, 11.24224243])"
609,superiorfrontal_37,left,lh.superiorfrontal_37,cortical,"array([-0.61486169, 11.2063505 ])"
610,superiorfrontal_40,left,lh.superiorfrontal_40,cortical,"array([-0.62765524, 11.17510425])"
611,superiorfrontal_36,left,lh.superiorfrontal_36,cortical,"array([-0.60395555, 11.21513114])"
612,superiorfrontal_7,left,lh.superiorfrontal_7,cortical,"array([-0.59548924, 11.22934788])"
613,superiorfrontal_2,left,lh.superiorfrontal_2,cortical,"array([-0.57325368, 11.25012658])"
614,superiorfrontal_18,left,lh.superiorfrontal_18,cortical,"array([-0.58466501, 11.22503522])"
615,superiorfrontal_34,left,lh.superiorfrontal_34,cortical,"array([-0.59467299, 11.22063635])"
616,superiorfrontal_33,left,lh.superiorfrontal_33,cortical,"array([-0.61302275, 11.17687889])"
617,superiorfrontal_3,left,lh.superiorfrontal_3,cortical,"array([-0.59857267, 11.20197648])"
618,superiorfrontal_31,left,lh.superiorfrontal_31,cortical,"array([-0.57379745, 11.2053437 ])"
619,superiorfrontal_25,left,lh.superiorfrontal_25,cortical,"array([-0.58986822, 11.16120062])"
620,superiorfrontal_5,left,lh.superiorfrontal_5,cortical,"array([-0.60169191, 11.18094307])"
621,superiorfrontal_15,left,lh.superiorfrontal_15,cortical,"array([-0.59067221, 11.21023647])"
622,superiorfrontal_43,left,lh.superiorfrontal_43,cortical,"array([-0.5697559 , 11.24240648])"
623,superiorfrontal_26,left,lh.superiorfrontal_26,cortical,"array([-0.56325637, 11.21870968])"
624,superiorfrontal_6,left,lh.superiorfrontal_6,cortical,"array([-0.56106896, 11.20125688])"
625,superiorfrontal_13,left,lh.superiorfrontal_13,cortical,"array([-0.58071913, 11.19367134])"
626,superiorfrontal_17,left,lh.superiorfrontal_17,cortical,"array([-0.59030496, 11.19247518])"
627,superiorfrontal_41,left,lh.superiorfrontal_41,cortical,"array([-0.57590299, 11.1850252 ])"
628,caudalmiddlefrontal_9,left,lh.caudalmiddlefrontal_9,cortical,"array([-0.56075867, 11.27438292])"
629,caudalmiddlefrontal_8,left,lh.caudalmiddlefrontal_8,cortical,"array([-0.56522415, 11.31565355])"
630,caudalmiddlefrontal_1,left,lh.caudalmiddlefrontal_1,cortical,"array([-0.57025135, 11.26558601])"
631,caudalmiddlefrontal_13,left,lh.caudalmiddlefrontal_13,cortical,"array([-0.5536911, 11.2976708])"
632,caudalmiddlefrontal_5,left,lh.caudalmiddlefrontal_5,cortical,"array([-0.52814005, 11.28123168])"
633,caudalmiddlefrontal_3,left,lh.caudalmiddlefrontal_3,cortical,"array([-0.55209304, 11.28700784])"
634,caudalmiddlefrontal_6,left,lh.caudalmiddlefrontal_6,cortical,"array([-0.55716307, 11.3227384 ])"
635,caudalmiddlefrontal_11,left,lh.caudalmiddlefrontal_11,cortical,"array([-0.56071258, 11.28982181])"
636,caudalmiddlefrontal_4,left,lh.caudalmiddlefrontal_4,cortical,"array([-0.55240444, 11.2784171 ])"
637,caudalmiddlefrontal_12,left,lh.caudalmiddlefrontal_12,cortical,"array([-0.53306184, 11.21476204])"
638,caudalmiddlefrontal_7,left,lh.caudalmiddlefrontal_7,cortical,"array([-0.54603193, 11.31207817])"
639,caudalmiddlefrontal_2,left,lh.caudalmiddlefrontal_2,cortical,"array([-0.52342165, 11.25783168])"
640,caudalmiddlefrontal_10,left,lh.caudalmiddlefrontal_10,cortical,"array([-0.55595311, 11.25323507])"
641,precentral_31,left,lh.precentral_31,cortical,"array([-0.59922828, 11.12978988])"
642,precentral_30,left,lh.precentral_30,cortical,"array([-0.56143727, 11.1291847 ])"
643,precentral_12,left,lh.precentral_12,cortical,"array([-0.58071268, 11.21626344])"
644,precentral_17,left,lh.precentral_17,cortical,"array([-0.55129395, 11.18860128])"
645,precentral_24,left,lh.precentral_24,cortical,"array([-0.56109884, 11.18408477])"
646,precentral_33,left,lh.precentral_33,cortical,"array([-0.56378885, 11.23418502])"
647,precentral_3,left,lh.precentral_3,cortical,"array([-0.54250303, 11.21839265])"
648,precentral_19,left,lh.precentral_19,cortical,"array([-0.55748509, 11.2107176 ])"
649,precentral_26,left,lh.precentral_26,cortical,"array([-0.55294059, 11.23426067])"
650,precentral_21,left,lh.precentral_21,cortical,"array([-0.55022808, 11.24970706])"
651,precentral_10,left,lh.precentral_10,cortical,"array([-0.5286327 , 11.20498135])"
652,precentral_2,left,lh.precentral_2,cortical,"array([-0.52686997, 11.17799875])"
653,precentral_16,left,lh.precentral_16,cortical,"array([-0.54452025, 11.24279263])"
654,precentral_35,left,lh.precentral_35,cortical,"array([-0.52263775, 11.24947334])"
655,precentral_9,left,lh.precentral_9,cortical,"array([-0.51160587, 11.31860065])"
656,precentral_4,left,lh.precentral_4,cortical,"array([-0.54073045, 11.25631528])"
657,precentral_13,left,lh.precentral_13,cortical,"array([-0.52046526, 11.23712608])"
658,precentral_14,left,lh.precentral_14,cortical,"array([-0.52778342, 11.19418972])"
659,precentral_5,left,lh.precentral_5,cortical,"array([-0.53648019, 11.2261893 ])"
660,precentral_6,left,lh.precentral_6,cortical,"array([-0.52660385, 11.27393909])"
661,precentral_25,left,lh.precentral_25,cortical,"array([-0.53092181, 11.25178829])"
662,precentral_27,left,lh.precentral_27,cortical,"array([-0.53683652, 11.16452332])"
663,precentral_20,left,lh.precentral_20,cortical,"array([-0.51864722, 11.22572676])"
664,precentral_29,left,lh.precentral_29,cortical,"array([-0.52554688, 11.22022404])"
665,precentral_11,left,lh.precentral_11,cortical,"array([-0.49595719, 11.2500627 ])"
666,precentral_18,left,lh.precentral_18,cortical,"array([-0.5370539 , 11.18375375])"
667,precentral_8,left,lh.precentral_8,cortical,"array([-0.51431538, 11.25403803])"
668,precentral_15,left,lh.precentral_15,cortical,"array([-0.51953399, 11.27399502])"
669,precentral_32,left,lh.precentral_32,cortical,"array([-0.51051231, 11.23657666])"
670,precentral_1,left,lh.precentral_1,cortical,"array([-0.51264817, 11.17686344])"
671,precentral_22,left,lh.precentral_22,cortical,"array([-0.48660022, 11.1898898 ])"
672,precentral_7,left,lh.precentral_7,cortical,"array([-0.48613074, 11.21860321])"
673,precentral_34,left,lh.precentral_34,cortical,"array([-0.46302228, 11.20230699])"
674,precentral_28,left,lh.precentral_28,cortical,"array([-0.47029649, 11.23260451])"
675,precentral_23,left,lh.precentral_23,cortical,"array([-0.49804488, 11.27232461])"
676,paracentral_7,left,lh.paracentral_7,cortical,"array([-0.62656541, 11.19100036])"
677,paracentral_1,left,lh.paracentral_1,cortical,"array([-0.56284857, 11.16597462])"
678,paracentral_8,left,lh.paracentral_8,cortical,"array([-0.64726514, 11.1741008 ])"
679,paracentral_2,left,lh.paracentral_2,cortical,"array([-0.58568368, 11.17902828])"
680,paracentral_10,left,lh.paracentral_10,cortical,"array([-0.57346182, 11.23227841])"
681,paracentral_9,left,lh.paracentral_9,cortical,"array([-0.57382273, 11.17135904])"
682,paracentral_3,left,lh.paracentral_3,cortical,"array([-0.58438997, 11.20522297])"
683,paracentral_4,left,lh.paracentral_4,cortical,"array([-0.56941977, 11.1943116 ])"
684,paracentral_6,left,lh.paracentral_6,cortical,"array([-0.57083186, 11.2234831 ])"
685,paracentral_5,left,lh.paracentral_5,cortical,"array([-0.5640516 , 11.24624915])"
686,paracentral_11,left,lh.paracentral_11,cortical,"array([-0.55595896, 11.24120996])"
687,rostralanteriorcingulate_1,left,lh.rostralanteriorcingulate_1,cortical,"array([-0.62331261, 11.33396123])"
688,rostralanteriorcingulate_4,left,lh.rostralanteriorcingulate_4,cortical,"array([-0.61143252, 11.30096031])"
689,rostralanteriorcingulate_3,left,lh.rostralanteriorcingulate_3,cortical,"array([-0.59414167, 11.27895842])"
690,rostralanteriorcingulate_2,left,lh.rostralanteriorcingulate_2,cortical,"array([-0.62495185, 11.30850543])"
691,rostralanteriorcingulate_5,left,lh.rostralanteriorcingulate_5,cortical,"array([-0.59438299, 11.26078088])"
692,caudalanteriorcingulate_5,left,lh.caudalanteriorcingulate_5,cortical,"array([-0.61965833, 11.29753197])"
693,caudalanteriorcingulate_4,left,lh.caudalanteriorcingulate_4,cortical,"array([-0.62402565, 11.31960415])"
694,caudalanteriorcingulate_1,left,lh.caudalanteriorcingulate_1,cortical,"array([-0.58907513, 11.27170936])"
695,caudalanteriorcingulate_2,left,lh.caudalanteriorcingulate_2,cortical,"array([-0.60399524, 11.31954667])"
696,caudalanteriorcingulate_3,left,lh.caudalanteriorcingulate_3,cortical,"array([-0.59191719, 11.29516139])"
697,posteriorcingulate_5,left,lh.posteriorcingulate_5,cortical,"array([-0.59488475, 11.31715674])"
698,posteriorcingulate_4,left,lh.posteriorcingulate_4,cortical,"array([-0.57745345, 11.24212982])"
699,posteriorcingulate_8,left,lh.posteriorcingulate_8,cortical,"array([-0.58641307, 11.323666  ])"
700,posteriorcingulate_2,left,lh.posteriorcingulate_2,cortical,"array([-0.5693563 , 11.32462419])"
701,posteriorcingulate_3,left,lh.posteriorcingulate_3,cortical,"array([-0.57836488, 11.31039387])"
702,posteriorcingulate_6,left,lh.posteriorcingulate_6,cortical,"array([-0.56438056, 11.25726367])"
703,posteriorcingulate_9,left,lh.posteriorcingulate_9,cortical,"array([-0.55487025, 11.26180901])"
704,posteriorcingulate_7,left,lh.posteriorcingulate_7,cortical,"array([-0.57126251, 11.25735288])"
705,posteriorcingulate_1,left,lh.posteriorcingulate_1,cortical,"array([-0.57757829, 11.31988938])"
706,isthmuscingulate_4,left,lh.isthmuscingulate_4,cortical,"array([-0.58174152, 11.33799678])"
707,isthmuscingulate_6,left,lh.isthmuscingulate_6,cortical,"array([-0.57483048, 11.3319827 ])"
708,isthmuscingulate_7,left,lh.isthmuscingulate_7,cortical,"array([-0.55741525, 11.30612807])"
709,isthmuscingulate_1,left,lh.isthmuscingulate_1,cortical,"array([-0.55662385, 11.33841961])"
710,isthmuscingulate_5,left,lh.isthmuscingulate_5,cortical,"array([-0.56983832, 11.35120719])"
711,isthmuscingulate_2,left,lh.isthmuscingulate_2,cortical,"array([-0.5547631 , 11.35829529])"
712,isthmuscingulate_3,left,lh.isthmuscingulate_3,cortical,"array([-0.5362541 , 11.35489514])"
713,postcentral_6,left,lh.postcentral_6,cortical,"array([-0.58141681, 11.12378048])"
714,postcentral_23,left,lh.postcentral_23,cortical,"array([-0.54009633, 11.2041913 ])"
715,postcentral_28,left,lh.postcentral_28,cortical,"array([-0.5471355 , 11.17446631])"
716,postcentral_2,left,lh.postcentral_2,cortical,"array([-0.55207459, 11.20002011])"
717,postcentral_14,left,lh.postcentral_14,cortical,"array([-0.53912163, 11.24740993])"
718,postcentral_24,left,lh.postcentral_24,cortical,"array([-0.51585862, 11.19098727])"
719,postcentral_18,left,lh.postcentral_18,cortical,"array([-0.54537182, 11.22937016])"
720,postcentral_25,left,lh.postcentral_25,cortical,"array([-0.50134641, 11.18890158])"
721,postcentral_16,left,lh.postcentral_16,cortical,"array([-0.50684168, 11.15934751])"
722,postcentral_21,left,lh.postcentral_21,cortical,"array([-0.51800106, 11.24428571])"
723,postcentral_22,left,lh.postcentral_22,cortical,"array([-0.4680171 , 11.14779269])"
724,postcentral_29,left,lh.postcentral_29,cortical,"array([-0.4902695 , 11.15203711])"
725,postcentral_30,left,lh.postcentral_30,cortical,"array([-0.54717653, 11.21230126])"
726,postcentral_13,left,lh.postcentral_13,cortical,"array([-0.51100415, 11.22599456])"
727,postcentral_4,left,lh.postcentral_4,cortical,"array([-0.4785988, 11.1296137])"
728,postcentral_17,left,lh.postcentral_17,cortical,"array([-0.50403074, 11.13483814])"
729,postcentral_8,left,lh.postcentral_8,cortical,"array([-0.50236174, 11.25451895])"
730,postcentral_31,left,lh.postcentral_31,cortical,"array([-0.5068393 , 11.27891045])"
731,postcentral_3,left,lh.postcentral_3,cortical,"array([-0.50760609, 11.20231635])"
732,postcentral_1,left,lh.postcentral_1,cortical,"array([-0.52360441, 11.15948115])"
733,postcentral_9,left,lh.postcentral_9,cortical,"array([-0.5105332 , 11.21734325])"
734,postcentral_26,left,lh.postcentral_26,cortical,"array([-0.51659027, 11.20151714])"
735,postcentral_27,left,lh.postcentral_27,cortical,"array([-0.4985057 , 11.17195523])"
736,postcentral_12,left,lh.postcentral_12,cortical,"array([-0.49834618, 11.22265389])"
737,postcentral_10,left,lh.postcentral_10,cortical,"array([-0.49338887, 11.23275415])"
738,postcentral_20,left,lh.postcentral_20,cortical,"array([-0.47465607, 11.16829289])"
739,postcentral_15,left,lh.postcentral_15,cortical,"array([-0.47866837, 11.20232832])"
740,postcentral_11,left,lh.postcentral_11,cortical,"array([-0.44967049, 11.16943038])"
741,postcentral_19,left,lh.postcentral_19,cortical,"array([-0.46584264, 11.22035308])"
742,postcentral_5,left,lh.postcentral_5,cortical,"array([-0.48826771, 11.20807002])"
743,postcentral_7,left,lh.postcentral_7,cortical,"array([-0.48686439, 11.25627183])"
744,supramarginal_1,left,lh.supramarginal_1,cortical,"array([-0.51793132, 11.26533033])"
745,supramarginal_7,left,lh.supramarginal_7,cortical,"array([-0.49052703, 11.2406513 ])"
746,supramarginal_5,left,lh.supramarginal_5,cortical,"array([-0.50051003, 11.21307196])"
747,supramarginal_14,left,lh.supramarginal_14,cortical,"array([-0.49539599, 11.19933087])"
748,supramarginal_13,left,lh.supramarginal_13,cortical,"array([-0.50249376, 11.2324466 ])"
749,supramarginal_2,left,lh.supramarginal_2,cortical,"array([-0.5263202 , 11.29565725])"
750,supramarginal_3,left,lh.supramarginal_3,cortical,"array([-0.50639783, 11.29537473])"
751,supramarginal_12,left,lh.supramarginal_12,cortical,"array([-0.46525288, 11.2782049 ])"
752,supramarginal_6,left,lh.supramarginal_6,cortical,"array([-0.4878652 , 11.26749792])"
753,supramarginal_11,left,lh.supramarginal_11,cortical,"array([-0.47885741, 11.24115464])"
754,supramarginal_17,left,lh.supramarginal_17,cortical,"array([-0.50216566, 11.24285784])"
755,supramarginal_4,left,lh.supramarginal_4,cortical,"array([-0.5075169 , 11.24789947])"
756,supramarginal_16,left,lh.supramarginal_16,cortical,"array([-0.52152734, 11.28641031])"
757,supramarginal_15,left,lh.supramarginal_15,cortical,"array([-0.4985461 , 11.28302223])"
758,supramarginal_19,left,lh.supramarginal_19,cortical,"array([-0.47723868, 11.25562812])"
759,supramarginal_8,left,lh.supramarginal_8,cortical,"array([-0.47685448, 11.21648346])"
760,supramarginal_10,left,lh.supramarginal_10,cortical,"array([-0.46946238, 11.24604779])"
761,supramarginal_9,left,lh.supramarginal_9,cortical,"array([-0.45591154, 11.24271529])"
762,supramarginal_20,left,lh.supramarginal_20,cortical,"array([-0.45346441, 11.26191703])"
763,supramarginal_21,left,lh.supramarginal_21,cortical,"array([-0.46931833, 11.2877729 ])"
764,supramarginal_18,left,lh.supramarginal_18,cortical,"array([-0.47019929, 11.26874715])"
765,superiorparietal_26,left,lh.superiorparietal_26,cortical,"array([-0.55913478, 11.22802303])"
766,superiorparietal_24,left,lh.superiorparietal_24,cortical,"array([-0.55185884, 11.26956156])"
767,superiorparietal_20,left,lh.superiorparietal_20,cortical,"array([-0.52568928, 11.26453358])"
768,superiorparietal_27,left,lh.superiorparietal_27,cortical,"array([-0.53424779, 11.29650769])"
769,superiorparietal_25,left,lh.superiorparietal_25,cortical,"array([-0.50956343, 11.28936601])"
770,superiorparietal_13,left,lh.superiorparietal_13,cortical,"array([-0.53349512, 11.27329357])"
771,superiorparietal_22,left,lh.superiorparietal_22,cortical,"array([-0.54656058, 11.29271866])"
772,superiorparietal_8,left,lh.superiorparietal_8,cortical,"array([-0.48042588, 11.23004048])"
773,superiorparietal_15,left,lh.superiorparietal_15,cortical,"array([-0.53694632, 11.26533064])"
774,superiorparietal_12,left,lh.superiorparietal_12,cortical,"array([-0.52866606, 11.23138444])"
775,superiorparietal_19,left,lh.superiorparietal_19,cortical,"array([-0.54404545, 11.26570819])"
776,superiorparietal_21,left,lh.superiorparietal_21,cortical,"array([-0.52374878, 11.30344945])"
777,superiorparietal_10,left,lh.superiorparietal_10,cortical,"array([-0.53512788, 11.28060349])"
778,superiorparietal_16,left,lh.superiorparietal_16,cortical,"array([-0.51577814, 11.29202352])"
779,superiorparietal_11,left,lh.superiorparietal_11,cortical,"array([-0.51538136, 11.2826298 ])"
780,superiorparietal_18,left,lh.superiorparietal_18,cortical,"array([-0.50902543, 11.2709497 ])"
781,superiorparietal_28,left,lh.superiorparietal_28,cortical,"array([-0.52574201, 11.33373378])"
782,superiorparietal_14,left,lh.superiorparietal_14,cortical,"array([-0.51821047, 11.34307051])"
783,superiorparietal_4,left,lh.superiorparietal_4,cortical,"array([-0.53864678, 11.33631047])"
784,superiorparietal_6,left,lh.superiorparietal_6,cortical,"array([-0.51445886, 11.30124231])"
785,superiorparietal_2,left,lh.superiorparietal_2,cortical,"array([-0.49805013, 11.31222075])"
786,superiorparietal_5,left,lh.superiorparietal_5,cortical,"array([-0.50983457, 11.3607843 ])"
787,superiorparietal_7,left,lh.superiorparietal_7,cortical,"array([-0.52296675, 11.36995055])"
788,superiorparietal_3,left,lh.superiorparietal_3,cortical,"array([-0.51495071, 11.38453276])"
789,superiorparietal_9,left,lh.superiorparietal_9,cortical,"array([-0.49977384, 11.39617276])"
790,superiorparietal_1,left,lh.superiorparietal_1,cortical,"array([-0.4896353 , 11.34404124])"
791,superiorparietal_23,left,lh.superiorparietal_23,cortical,"array([-0.47757019, 11.39525272])"
792,superiorparietal_17,left,lh.superiorparietal_17,cortical,"array([-0.43482662, 11.41532023])"
793,superiorparietal_29,left,lh.superiorparietal_29,cortical,"array([-0.44431071, 11.43607392])"
794,inferiorparietal_3,left,lh.inferiorparietal_3,cortical,"array([-0.46332067, 11.36403247])"
795,inferiorparietal_16,left,lh.inferiorparietal_16,cortical,"array([-0.48429768, 11.32193058])"
796,inferiorparietal_19,left,lh.inferiorparietal_19,cortical,"array([-0.4822279 , 11.35930261])"
797,inferiorparietal_6,left,lh.inferiorparietal_6,cortical,"array([-0.47347609, 11.33942041])"
798,inferiorparietal_9,left,lh.inferiorparietal_9,cortical,"array([-0.4588761 , 11.35072264])"
799,inferiorparietal_10,left,lh.inferiorparietal_10,cortical,"array([-0.4770107 , 11.34926043])"
800,inferiorparietal_15,left,lh.inferiorparietal_15,cortical,"array([-0.49045091, 11.31404496])"
801,inferiorparietal_8,left,lh.inferiorparietal_8,cortical,"array([-0.46330067, 11.32312004])"
802,inferiorparietal_4,left,lh.inferiorparietal_4,cortical,"array([-0.4521002 , 11.32462251])"
803,inferiorparietal_5,left,lh.inferiorparietal_5,cortical,"array([-0.4729052 , 11.31845541])"
804,inferiorparietal_2,left,lh.inferiorparietal_2,cortical,"array([-0.47555792, 11.31033094])"
805,inferiorparietal_18,left,lh.inferiorparietal_18,cortical,"array([-0.45750589, 11.31731305])"
806,inferiorparietal_17,left,lh.inferiorparietal_17,cortical,"array([-0.4406514 , 11.31467811])"
807,inferiorparietal_21,left,lh.inferiorparietal_21,cortical,"array([-0.46839068, 11.29863654])"
808,inferiorparietal_12,left,lh.inferiorparietal_12,cortical,"array([-0.47581369, 11.27992089])"
809,inferiorparietal_22,left,lh.inferiorparietal_22,cortical,"array([-0.44966792, 11.2851965 ])"
810,inferiorparietal_7,left,lh.inferiorparietal_7,cortical,"array([-0.45687718, 11.27092375])"
811,inferiorparietal_11,left,lh.inferiorparietal_11,cortical,"array([-0.43667012, 11.24335177])"
812,inferiorparietal_13,left,lh.inferiorparietal_13,cortical,"array([-0.45724825, 11.28500585])"
813,inferiorparietal_14,left,lh.inferiorparietal_14,cortical,"array([-0.44569987, 11.25122581])"
814,inferiorparietal_1,left,lh.inferiorparietal_1,cortical,"array([-0.48436116, 11.30570221])"
815,inferiorparietal_20,left,lh.inferiorparietal_20,cortical,"array([-0.4859192 , 11.29409667])"
816,precuneus_14,left,lh.precuneus_14,cortical,"array([-0.59033494, 11.30413078])"
817,precuneus_16,left,lh.precuneus_16,cortical,"array([-0.55330999, 11.31386121])"
818,precuneus_1,left,lh.precuneus_1,cortical,"array([-0.55113586, 11.22160264])"
819,precuneus_10,left,lh.precuneus_10,cortical,"array([-0.5346129 , 11.24049152])"
820,precuneus_8,left,lh.precuneus_8,cortical,"array([-0.54853498, 11.25774883])"
821,precuneus_3,left,lh.precuneus_3,cortical,"array([-0.54049648, 11.27202186])"
822,precuneus_20,left,lh.precuneus_20,cortical,"array([-0.53908813, 11.23592629])"
823,precuneus_2,left,lh.precuneus_2,cortical,"array([-0.54904173, 11.33349531])"
824,precuneus_4,left,lh.precuneus_4,cortical,"array([-0.53590193, 11.30574387])"
825,precuneus_12,left,lh.precuneus_12,cortical,"array([-0.53911668, 11.29045053])"
826,precuneus_13,left,lh.precuneus_13,cortical,"array([-0.53518258, 11.31430026])"
827,precuneus_7,left,lh.precuneus_7,cortical,"array([-0.5237579 , 11.35680337])"
828,precuneus_17,left,lh.precuneus_17,cortical,"array([-0.54347686, 11.32306692])"
829,precuneus_5,left,lh.precuneus_5,cortical,"array([-0.54736549, 11.34779808])"
830,precuneus_22,left,lh.precuneus_22,cortical,"array([-0.52608744, 11.3207991 ])"
831,precuneus_6,left,lh.precuneus_6,cortical,"array([-0.5172231, 11.3094751])"
832,precuneus_11,left,lh.precuneus_11,cortical,"array([-0.52557525, 11.31169435])"
833,precuneus_19,left,lh.precuneus_19,cortical,"array([-0.53977289, 11.36863481])"
834,precuneus_21,left,lh.precuneus_21,cortical,"array([-0.53243809, 11.34483763])"
835,precuneus_9,left,lh.precuneus_9,cortical,"array([-0.51710488, 11.32940365])"
836,precuneus_15,left,lh.precuneus_15,cortical,"array([-0.49817564, 11.32117034])"
837,precuneus_18,left,lh.precuneus_18,cortical,"array([-0.5067575 , 11.32969092])"
838,cuneus_5,left,lh.cuneus_5,cortical,"array([-0.48406735, 11.41530182])"
839,cuneus_6,left,lh.cuneus_6,cortical,"array([-0.49650253, 11.38083344])"
840,cuneus_1,left,lh.cuneus_1,cortical,"array([-0.49120161, 11.35733993])"
841,cuneus_4,left,lh.cuneus_4,cortical,"array([-0.48113701, 11.43515601])"
842,cuneus_2,left,lh.cuneus_2,cortical,"array([-0.46144942, 11.42288664])"
843,cuneus_3,left,lh.cuneus_3,cortical,"array([-0.40826239, 11.41304103])"
844,cuneus_7,left,lh.cuneus_7,cortical,"array([-0.38350949, 11.40224169])"
845,pericalcarine_7,left,lh.pericalcarine_7,cortical,"array([-0.42852024, 11.43545717])"
846,pericalcarine_1,left,lh.pericalcarine_1,cortical,"array([-0.40842578, 11.38573113])"
847,pericalcarine_4,left,lh.pericalcarine_4,cortical,"array([-0.44771718, 11.37927727])"
848,pericalcarine_2,left,lh.pericalcarine_2,cortical,"array([-0.45491199, 11.40618525])"
849,pericalcarine_5,left,lh.pericalcarine_5,cortical,"array([-0.4728239 , 11.36571072])"
850,pericalcarine_3,left,lh.pericalcarine_3,cortical,"array([-0.48669836, 11.38651007])"
851,pericalcarine_6,left,lh.pericalcarine_6,cortical,"array([-0.48166008, 11.33606788])"
852,lateraloccipital_1,left,lh.lateraloccipital_1,cortical,"array([-0.3969993 , 11.40271079])"
853,lateraloccipital_20,left,lh.lateraloccipital_20,cortical,"array([-0.46856256, 11.409043  ])"
854,lateraloccipital_10,left,lh.lateraloccipital_10,cortical,"array([-0.45912673, 11.4404323 ])"
855,lateraloccipital_6,left,lh.lateraloccipital_6,cortical,"array([-0.42032175, 11.42088939])"
856,lateraloccipital_2,left,lh.lateraloccipital_2,cortical,"array([-0.46437826, 11.3953772 ])"
857,lateraloccipital_4,left,lh.lateraloccipital_4,cortical,"array([-0.47050836, 11.38173081])"
858,lateraloccipital_7,left,lh.lateraloccipital_7,cortical,"array([-0.46719405, 11.35517358])"
859,lateraloccipital_11,left,lh.lateraloccipital_11,cortical,"array([-0.45311465, 11.36011985])"
860,lateraloccipital_13,left,lh.lateraloccipital_13,cortical,"array([-0.43373848, 11.4027041 ])"
861,lateraloccipital_12,left,lh.lateraloccipital_12,cortical,"array([-0.42663895, 11.39220048])"
862,lateraloccipital_14,left,lh.lateraloccipital_14,cortical,"array([-0.40966556, 11.37130416])"
863,lateraloccipital_15,left,lh.lateraloccipital_15,cortical,"array([-0.41911156, 11.3829316 ])"
864,lateraloccipital_19,left,lh.lateraloccipital_19,cortical,"array([-0.44453227, 11.36995879])"
865,lateraloccipital_3,left,lh.lateraloccipital_3,cortical,"array([-0.46062581, 11.34226361])"
866,lateraloccipital_18,left,lh.lateraloccipital_18,cortical,"array([-0.46489369, 11.33212204])"
867,lateraloccipital_22,left,lh.lateraloccipital_22,cortical,"array([-0.45956526, 11.37502594])"
868,lateraloccipital_21,left,lh.lateraloccipital_21,cortical,"array([-0.45345554, 11.33276313])"
869,lateraloccipital_23,left,lh.lateraloccipital_23,cortical,"array([-0.43018134, 11.31896734])"
870,lateraloccipital_5,left,lh.lateraloccipital_5,cortical,"array([-0.43437243, 11.3423027 ])"
871,lateraloccipital_17,left,lh.lateraloccipital_17,cortical,"array([-0.43619996, 11.36328676])"
872,lateraloccipital_16,left,lh.lateraloccipital_16,cortical,"array([-0.4195133 , 11.35999731])"
873,lateraloccipital_9,left,lh.lateraloccipital_9,cortical,"array([-0.4239758 , 11.37087256])"
874,lateraloccipital_8,left,lh.lateraloccipital_8,cortical,"array([-0.42835269, 11.3553987 ])"
875,lingual_14,left,lh.lingual_14,cortical,"array([-0.44224481, 11.35251584])"
876,lingual_11,left,lh.lingual_11,cortical,"array([-0.41786925, 11.39875748])"
877,lingual_3,left,lh.lingual_3,cortical,"array([-0.39295136, 11.42057393])"
878,lingual_4,left,lh.lingual_4,cortical,"array([-0.44551782, 11.41750704])"
879,lingual_16,left,lh.lingual_16,cortical,"array([-0.40730891, 11.4314332 ])"
880,lingual_1,left,lh.lingual_1,cortical,"array([-0.44663835, 11.39627813])"
881,lingual_8,left,lh.lingual_8,cortical,"array([-0.45761765, 11.38808216])"
882,lingual_10,left,lh.lingual_10,cortical,"array([-0.43431693, 11.37553131])"
883,lingual_6,left,lh.lingual_6,cortical,"array([-0.44883289, 11.34516732])"
884,lingual_9,left,lh.lingual_9,cortical,"array([-0.43805787, 11.38701947])"
885,lingual_13,left,lh.lingual_13,cortical,"array([-0.38842998, 11.38412417])"
886,lingual_5,left,lh.lingual_5,cortical,"array([-0.39815858, 11.36994411])"
887,lingual_2,left,lh.lingual_2,cortical,"array([-0.4890541 , 11.32730007])"
888,lingual_15,left,lh.lingual_15,cortical,"array([-0.49804074, 11.33233897])"
889,lingual_12,left,lh.lingual_12,cortical,"array([-0.48223236, 11.37511614])"
890,lingual_17,left,lh.lingual_17,cortical,"array([-0.47690854, 11.32798471])"
891,lingual_7,left,lh.lingual_7,cortical,"array([-0.47602134, 11.29838759])"
892,fusiform_12,left,lh.fusiform_12,cortical,"array([-0.43981245, 11.3262102 ])"
893,fusiform_7,left,lh.fusiform_7,cortical,"array([-0.43171782, 11.3310975 ])"
894,fusiform_17,left,lh.fusiform_17,cortical,"array([-0.44152776, 11.33648068])"
895,fusiform_15,left,lh.fusiform_15,cortical,"array([-0.41805224, 11.34820871])"
896,fusiform_6,left,lh.fusiform_6,cortical,"array([-0.42391381, 11.33918823])"
897,fusiform_5,left,lh.fusiform_5,cortical,"array([-0.40178285, 11.35168908])"
898,fusiform_10,left,lh.fusiform_10,cortical,"array([-0.4199189 , 11.32449958])"
899,fusiform_1,left,lh.fusiform_1,cortical,"array([-0.41002929, 11.33888839])"
900,fusiform_11,left,lh.fusiform_11,cortical,"array([-0.44942296, 11.30689053])"
901,fusiform_4,left,lh.fusiform_4,cortical,"array([-0.39787349, 11.33721262])"
902,fusiform_16,left,lh.fusiform_16,cortical,"array([-0.41476708, 11.30629885])"
903,fusiform_2,left,lh.fusiform_2,cortical,"array([-0.39866211, 11.32248349])"
904,fusiform_3,left,lh.fusiform_3,cortical,"array([-0.42057707, 11.31503869])"
905,fusiform_8,left,lh.fusiform_8,cortical,"array([-0.40859487, 11.32726101])"
906,fusiform_9,left,lh.fusiform_9,cortical,"array([-0.41686068, 11.29149082])"
907,fusiform_14,left,lh.fusiform_14,cortical,"array([-0.40710917, 11.28383511])"
908,fusiform_13,left,lh.fusiform_13,cortical,"array([-0.40894475, 11.27293969])"
909,fusiform_18,left,lh.fusiform_18,cortical,"array([-0.38015701, 11.24845295])"
910,parahippocampal_3,left,lh.parahippocampal_3,cortical,"array([-0.37608628, 11.36066774])"
911,parahippocampal_6,left,lh.parahippocampal_6,cortical,"array([-0.40944665, 11.29786875])"
912,parahippocampal_1,left,lh.parahippocampal_1,cortical,"array([-0.49491954, 11.36979902])"
913,parahippocampal_4,left,lh.parahippocampal_4,cortical,"array([-0.42504643, 11.29908957])"
914,parahippocampal_5,left,lh.parahippocampal_5,cortical,"array([-0.4643244 , 11.30886162])"
915,parahippocampal_2,left,lh.parahippocampal_2,cortical,"array([-0.50261284, 11.34935214])"
916,entorhinal_2,left,lh.entorhinal_2,cortical,"array([-0.37873191, 11.31134718])"
917,entorhinal_1,left,lh.entorhinal_1,cortical,"array([-0.37432405, 11.32525393])"
918,entorhinal_3,left,lh.entorhinal_3,cortical,"array([-0.4145294 , 11.26118945])"
919,temporalpole_2,left,lh.temporalpole_2,cortical,"array([-0.38813364, 11.24033672])"
920,temporalpole_1,left,lh.temporalpole_1,cortical,"array([-0.37296618, 11.2232597 ])"
921,temporalpole_3,left,lh.temporalpole_3,cortical,"array([-0.40398944, 11.23681924])"
922,inferiortemporal_15,left,lh.inferiortemporal_15,cortical,"array([-0.40311698, 11.26071852])"
923,inferiortemporal_11,left,lh.inferiortemporal_11,cortical,"array([-0.38598406, 11.26063757])"
924,inferiortemporal_6,left,lh.inferiortemporal_6,cortical,"array([-0.39850422, 11.27221939])"
925,inferiortemporal_2,left,lh.inferiortemporal_2,cortical,"array([-0.36803584, 11.28411271])"
926,inferiortemporal_5,left,lh.inferiortemporal_5,cortical,"array([-0.39802871, 11.28924786])"
927,inferiortemporal_8,left,lh.inferiortemporal_8,cortical,"array([-0.39800311, 11.30017052])"
928,inferiortemporal_14,left,lh.inferiortemporal_14,cortical,"array([-0.35532375, 11.30433864])"
929,inferiortemporal_13,left,lh.inferiortemporal_13,cortical,"array([-0.36120246, 11.29369377])"
930,inferiortemporal_4,left,lh.inferiortemporal_4,cortical,"array([-0.39137672, 11.31230734])"
931,inferiortemporal_1,left,lh.inferiortemporal_1,cortical,"array([-0.35087547, 11.28721809])"
932,inferiortemporal_9,left,lh.inferiortemporal_9,cortical,"array([-0.33422489, 11.32324325])"
933,inferiortemporal_3,left,lh.inferiortemporal_3,cortical,"array([-0.40396887, 11.30839081])"
934,inferiortemporal_10,left,lh.inferiortemporal_10,cortical,"array([-0.34167784, 11.30714807])"
935,inferiortemporal_12,left,lh.inferiortemporal_12,cortical,"array([-0.3702994, 11.3425659])"
936,inferiortemporal_16,left,lh.inferiortemporal_16,cortical,"array([-0.4379891 , 11.30422146])"
937,inferiortemporal_7,left,lh.inferiortemporal_7,cortical,"array([-0.4287425 , 11.30915377])"
938,middletemporal_6,left,lh.middletemporal_6,cortical,"array([-0.41045205, 11.31721432])"
939,middletemporal_16,left,lh.middletemporal_16,cortical,"array([-0.36370727, 11.33196195])"
940,middletemporal_10,left,lh.middletemporal_10,cortical,"array([-0.38354483, 11.34120762])"
941,middletemporal_7,left,lh.middletemporal_7,cortical,"array([-0.34791964, 11.34167081])"
942,middletemporal_3,left,lh.middletemporal_3,cortical,"array([-0.35038476, 11.3223263 ])"
943,middletemporal_1,left,lh.middletemporal_1,cortical,"array([-0.38716782, 11.30085317])"
944,middletemporal_13,left,lh.middletemporal_13,cortical,"array([-0.3642152 , 11.31412289])"
945,middletemporal_8,left,lh.middletemporal_8,cortical,"array([-0.33688801, 11.2916049 ])"
946,middletemporal_14,left,lh.middletemporal_14,cortical,"array([-0.39342668, 11.28155903])"
947,middletemporal_5,left,lh.middletemporal_5,cortical,"array([-0.36105796, 11.26774709])"
948,middletemporal_11,left,lh.middletemporal_11,cortical,"array([-0.32657887, 11.27273123])"
949,middletemporal_9,left,lh.middletemporal_9,cortical,"array([-0.38153736, 11.29167954])"
950,middletemporal_15,left,lh.middletemporal_15,cortical,"array([-0.34867703, 11.27229951])"
951,middletemporal_2,left,lh.middletemporal_2,cortical,"array([-0.37208321, 11.27409086])"
952,middletemporal_4,left,lh.middletemporal_4,cortical,"array([-0.37236369, 11.29819469])"
953,middletemporal_12,left,lh.middletemporal_12,cortical,"array([-0.39389444, 11.25195608])"
954,bankssts_1,left,lh.bankssts_1,cortical,"array([-0.42146811, 11.23442673])"
955,bankssts_3,left,lh.bankssts_3,cortical,"array([-0.43379468, 11.27224676])"
956,bankssts_2,left,lh.bankssts_2,cortical,"array([-0.43587485, 11.28295478])"
957,bankssts_6,left,lh.bankssts_6,cortical,"array([-0.38741345, 11.32291603])"
958,bankssts_4,left,lh.bankssts_4,cortical,"array([-0.44798344, 11.29689156])"
959,bankssts_5,left,lh.bankssts_5,cortical,"array([-0.44476296, 11.26719744])"
960,superiortemporal_26,left,lh.superiortemporal_26,cortical,"array([-0.44139983, 11.23231858])"
961,superiortemporal_20,left,lh.superiortemporal_20,cortical,"array([-0.44537529, 11.2750798 ])"
962,superiortemporal_11,left,lh.superiortemporal_11,cortical,"array([-0.42684177, 11.22117537])"
963,superiortemporal_4,left,lh.superiortemporal_4,cortical,"array([-0.40926108, 11.21476362])"
964,superiortemporal_24,left,lh.superiortemporal_24,cortical,"array([-0.48553368, 11.28441185])"
965,superiortemporal_18,left,lh.superiortemporal_18,cortical,"array([-0.43895977, 11.29273596])"
966,superiortemporal_3,left,lh.superiortemporal_3,cortical,"array([-0.36921786, 11.23885105])"
967,superiortemporal_21,left,lh.superiortemporal_21,cortical,"array([-0.37836954, 11.18188061])"
968,superiortemporal_17,left,lh.superiortemporal_17,cortical,"array([-0.40930044, 11.19576479])"
969,superiortemporal_25,left,lh.superiortemporal_25,cortical,"array([-0.42495347, 11.25101007])"
970,superiortemporal_9,left,lh.superiortemporal_9,cortical,"array([-0.42130415, 11.27045472])"
971,superiortemporal_19,left,lh.superiortemporal_19,cortical,"array([-0.38553632, 11.21212114])"
972,superiortemporal_16,left,lh.superiortemporal_16,cortical,"array([-0.3482235 , 11.19054946])"
973,superiortemporal_6,left,lh.superiortemporal_6,cortical,"array([-0.30713167, 11.17297148])"
974,superiortemporal_13,left,lh.superiortemporal_13,cortical,"array([-0.3896045 , 11.22650138])"
975,superiortemporal_8,left,lh.superiortemporal_8,cortical,"array([-0.41939545, 11.28082059])"
976,superiortemporal_23,left,lh.superiortemporal_23,cortical,"array([-0.38104527, 11.27975667])"
977,superiortemporal_15,left,lh.superiortemporal_15,cortical,"array([-0.30081731, 11.19826271])"
978,superiortemporal_12,left,lh.superiortemporal_12,cortical,"array([-0.30134714, 11.22938122])"
979,superiortemporal_5,left,lh.superiortemporal_5,cortical,"array([-0.37614114, 11.26421626])"
980,superiortemporal_10,left,lh.superiortemporal_10,cortical,"array([-0.38617541, 11.270247  ])"
981,superiortemporal_1,left,lh.superiortemporal_1,cortical,"array([-0.26061606, 11.21272283])"
982,superiortemporal_22,left,lh.superiortemporal_22,cortical,"array([-0.3682596 , 11.25574943])"
983,superiortemporal_14,left,lh.superiortemporal_14,cortical,"array([-0.33729634, 11.24718484])"
984,superiortemporal_7,left,lh.superiortemporal_7,cortical,"array([-0.3535434 , 11.24899373])"
985,superiortemporal_2,left,lh.superiortemporal_2,cortical,"array([-0.40269137, 11.24798759])"
986,transversetemporal_4,left,lh.transversetemporal_4,cortical,"array([-0.35286915, 11.21812325])"
987,transversetemporal_1,left,lh.transversetemporal_1,cortical,"array([-0.40281592, 11.22410004])"
988,transversetemporal_3,left,lh.transversetemporal_3,cortical,"array([-0.42893855, 11.28807161])"
989,transversetemporal_2,left,lh.transversetemporal_2,cortical,"array([-0.45881499, 11.29337094])"
990,insula_5,left,lh.insula_5,cortical,"array([-0.54180587, 11.29931691])"
991,insula_2,left,lh.insula_2,cortical,"array([-0.52678507, 11.24251895])"
992,insula_16,left,lh.insula_16,cortical,"array([-0.49701131, 11.29279102])"
993,insula_12,left,lh.insula_12,cortical,"array([-0.45737001, 11.30303253])"
994,insula_1,left,lh.insula_1,cortical,"array([-0.46828736, 11.18507079])"
995,insula_8,left,lh.insula_8,cortical,"array([-0.51903508, 11.2140513 ])"
996,insula_14,left,lh.insula_14,cortical,"array([-0.50988608, 11.25979495])"
997,insula_10,left,lh.insula_10,cortical,"array([-0.45086028, 11.21101941])"
998,insula_9,left,lh.insula_9,cortical,"array([-0.43337539, 11.25959   ])"
999,insula_13,left,lh.insula_13,cortical,"array([-0.41535136, 11.25183918])"
1000,insula_11,left,lh.insula_11,cortical,"array([-0.46266866, 11.25640233])"
1001,insula_6,left,lh.insula_6,cortical,"array([-0.4446763 , 11.19275366])"
1002,insula_15,left,lh.insula_15,cortical,"array([-0.531815 , 11.2587415])"
1003,insula_4,left,lh.insula_4,cortical,"array([-0.56248711, 11.28246086])"
1004,insula_7,left,lh.insula_7,cortical,"array([-0.61763935, 11.3104715 ])"
1005,insula_3,left,lh.insula_3,cortical,"array([-0.54015507, 11.19539768])"
1006,insula_17,left,lh.insula_17,cortical,"array([-0.53309255, 11.32536616])"
1007,Left-Thalamus-Proper,left,Left-Thalamus-Proper,subcortical,"array([-0.56638784, 11.33252091])"
1008,Left-Caudate,left,Left-Caudate,subcortical,"array([-0.61414308, 11.32217947])"
1009,Left-Putamen,left,Left-Putamen,subcortical,"array([-0.53109084, 11.28887294])"
1010,Left-Pallidum,left,Left-Pallidum,subcortical,"array([-0.5451304 , 11.28388881])"
1011,Left-Accumbens-area,left,Left-Accumbens-area,subcortical,"array([-0.63386025, 11.32954025])"
1012,Left-Hippocampus,left,Left-Hippocampus,subcortical,"array([-0.5078472 , 11.31075216])"
1013,Left-Amygdala,left,Left-Amygdala,subcortical,"array([-0.49197465, 11.30227615])"
1014,Brain-Stem,left,Brain-Stem,subcortical,"array([-0.59824362, 11.39227444])"
