# index, Class, WikipediaUrl, name, _pos
0,Applied,https://en.wikipedia.org/wiki/Accounting,Accounting,"array([ 7.73788668, -1.35252961])"
1,Applied,https://en.wikipedia.org/wiki/Aerospace_engineering,Aerospace engineering,"array([ 7.8364412 , -1.43536934])"
2,Applied,https://en.wikipedia.org/wiki/Agricultural_engineering,Agricultural engineering,"array([ 7.72458706, -1.55646375])"
3,Applied,https://en.wikipedia.org/wiki/Agricultural_science,Agricultural science,"array([ 7.6635834 , -1.61372565])"
4,Applied,https://en.wikipedia.org/wiki/Agronomy,Agronomy,"array([ 7.65794435, -1.64257787])"
5,Applied,https://en.wikipedia.org/wiki/Algaculture,Algaculture,"array([ 7.57764172, -1.32096613])"
6,Applied,https://en.wikipedia.org/wiki/Animal_husbandry,Animal husbandry,"array([ 7.62490757, -1.34849761])"
7,Applied,https://en.wikipedia.org/wiki/Applied_linguistics,Applied linguistics,"array([ 7.76844434, -1.5765298 ])"
8,Applied,https://en.wikipedia.org/wiki/Applied_mathematics,Applied mathematics,"array([ 7.88936608, -1.47174973])"
9,Applied,https://en.wikipedia.org/wiki/Applied_physics,Applied physics,"array([ 7.83832112, -1.5461273 ])"
10,Applied,https://en.wikipedia.org/wiki/Applied_science,Applied science,"array([ 7.74532222, -1.51635109])"
11,Applied,https://en.wikipedia.org/wiki/Aquaculture,Aquaculture,"array([ 7.65080744, -1.35211825])"
12,Applied,https://en.wikipedia.org/wiki/Aquatic_plant,Aquatic plant,"array([ 7.74367309, -1.69791632])"
13,Applied,https://en.wikipedia.org/wiki/Arboriculture,Arboriculture,"array([ 7.72485058, -1.63186643])"
14,Applied,https://en.wikipedia.org/wiki/Architectural_engineering,Architectural engineering,"array([ 7.85320694, -1.50823679])"
15,Applied,https://en.wikipedia.org/wiki/Artificial_intelligence,Artificial intelligence,"array([ 7.88653228, -1.35896249])"
16,Applied,https://en.wikipedia.org/wiki/Astronautics,Astronautics,"array([ 7.81590854, -1.58753648])"
17,Applied,https://en.wikipedia.org/wiki/Astronomy,Astronomy,"array([ 7.90100662, -1.49763503])"
18,Applied,https://en.wikipedia.org/wiki/Biological_engineering,Biological engineering,"array([ 7.69751779, -1.48810241])"
19,Applied,https://en.wikipedia.org/wiki/Biomedical_engineering,Biomedical engineering,"array([ 7.76470983, -1.36508774])"
20,Applied,https://en.wikipedia.org/wiki/Building_science,Building science,"array([ 7.83816285, -1.50244945])"
21,Applied,https://en.wikipedia.org/wiki/Business_operations,Business operations,"array([ 7.69117221, -1.36191979])"
22,Applied,https://en.wikipedia.org/wiki/Cardiology,Cardiology,"array([ 7.68179768, -1.32394076])"
23,Applied,https://en.wikipedia.org/wiki/Ceramic_engineering,Ceramic engineering,"array([ 7.98790332, -1.57384816])"
24,Applied,https://en.wikipedia.org/wiki/Civil_engineering,Civil engineering,"array([ 7.79528699, -1.43369447])"
25,Applied,https://en.wikipedia.org/wiki/Computing,Computing,"array([ 7.87196604, -1.41309525])"
26,Applied,https://en.wikipedia.org/wiki/Conservation_medicine,Conservation medicine,"array([ 7.7600824 , -1.54879909])"
27,Applied,https://en.wikipedia.org/wiki/Control_engineering,Control engineering,"array([ 7.85350559, -1.42624096])"
28,Applied,https://en.wikipedia.org/wiki/Cuniculture,Cuniculture,"array([ 7.66577348, -1.31106109])"
29,Applied,https://en.wikipedia.org/wiki/Data_science,Data science,"array([ 7.87665571, -1.34579871])"
30,Applied,https://en.wikipedia.org/wiki/Dermatology,Dermatology,"array([ 7.67866512, -1.29173768])"
31,Applied,https://en.wikipedia.org/wiki/Electrical_engineering,Electrical engineering,"array([ 7.82634649, -1.40142736])"
32,Applied,https://en.wikipedia.org/wiki/Electronics,Electronics,"array([ 7.8764012 , -1.44208809])"
33,Applied,https://en.wikipedia.org/wiki/Endocrinology,Endocrinology,"array([ 7.65250424, -1.25523699])"
34,Applied,https://en.wikipedia.org/wiki/Energy_storage,Energy storage,"array([ 8.00673368, -1.36487805])"
35,Applied,https://en.wikipedia.org/wiki/Engineering,Engineering,"array([ 7.83241269, -1.3824469 ])"
36,Applied,https://en.wikipedia.org/wiki/Engineering_physics,Engineering physics,"array([ 7.85225941, -1.52497532])"
37,Applied,https://en.wikipedia.org/wiki/Engineering_technologist,Engineering technologist,"array([ 7.79013564, -1.39229433])"
38,Applied,https://en.wikipedia.org/wiki/Environmental_engineering science,Environmental engineering science,"array([ 7.71956893, -1.50217232])"
39,Applied,https://en.wikipedia.org/wiki/Environmental_science,Environmental science,"array([ 7.8152781, -1.6079062])"
40,Applied,https://en.wikipedia.org/wiki/Environmental_technology,Environmental technology,"array([ 7.71437475, -1.52341854])"
41,Applied,https://en.wikipedia.org/wiki/Floriculture,Floriculture,"array([ 7.70635813, -1.62420471])"
42,Applied,https://en.wikipedia.org/wiki/Food_science,Food science,"array([ 7.39238786, -2.01710901])"
43,Applied,https://en.wikipedia.org/wiki/Forensic_science,Forensic science,"array([ 7.801557  , -1.27240524])"
44,Applied,https://en.wikipedia.org/wiki/Geographic_information system,Geographic information system,"array([ 7.82997581, -1.40883384])"
45,Applied,https://en.wikipedia.org/wiki/Geomatics,Geomatics,"array([ 7.63947549, -1.58325507])"
46,Applied,https://en.wikipedia.org/wiki/Gynaecology,Gynaecology,"array([ 7.64849638, -1.27572843])"
47,Applied,https://en.wikipedia.org/wiki/Heliciculture,Heliciculture,"array([ 7.59804908, -1.27136893])"
48,Applied,https://en.wikipedia.org/wiki/Hydroponics,Hydroponics,"array([ 7.62150281, -1.37442808])"
49,Applied,https://en.wikipedia.org/wiki/Industrial_engineering,Industrial engineering,"array([ 7.81331445, -1.40503302])"
50,Applied,https://en.wikipedia.org/wiki/Internal_medicine,Internal medicine,"array([ 7.69290894, -1.29425735])"
51,Applied,https://en.wikipedia.org/wiki/Management,Management,"array([ 7.80214647, -1.36185211])"
52,Applied,https://en.wikipedia.org/wiki/Manufacturing_engineering,Manufacturing engineering,"array([ 7.81874984, -1.4158613 ])"
53,Applied,https://en.wikipedia.org/wiki/Mariculture,Mariculture,"array([ 7.57229842, -1.34171587])"
54,Applied,https://en.wikipedia.org/wiki/Marine_engineering,Marine engineering,"array([ 7.64030136, -1.5051047 ])"
55,Applied,https://en.wikipedia.org/wiki/Materials_science,Materials science,"array([ 7.94199161, -1.5348354 ])"
56,Applied,https://en.wikipedia.org/wiki/Mechanical_engineering,Mechanical engineering,"array([ 7.81701322, -1.44240904])"
57,Applied,https://en.wikipedia.org/wiki/Military_engineering,Military engineering,"array([ 7.70070779, -1.21276883])"
58,Applied,https://en.wikipedia.org/wiki/Military_history,Military history,"array([ 7.75271006, -1.25583995])"
59,Applied,https://en.wikipedia.org/wiki/Military_organization,Military organization,"array([ 7.6515932 , -1.15640699])"
60,Applied,https://en.wikipedia.org/wiki/Military_strategy,Military strategy,"array([ 7.7687223 , -1.29860318])"
61,Applied,https://en.wikipedia.org/wiki/Mining_engineering,Mining engineering,"array([ 7.72183079, -1.45308827])"
62,Applied,https://en.wikipedia.org/wiki/Nanotechnology,Nanotechnology,"array([ 7.98271252, -1.34675158])"
63,Applied,https://en.wikipedia.org/wiki/Neurology,Neurology,"array([ 7.70535003, -1.30245121])"
64,Applied,https://en.wikipedia.org/wiki/Nuclear_engineering,Nuclear engineering,"array([ 8.03375704, -1.63467973])"
65,Applied,https://en.wikipedia.org/wiki/Nuclear_technology,Nuclear technology,"array([ 8.02936048, -1.59929719])"
66,Applied,https://en.wikipedia.org/wiki/Nursing,Nursing,"array([ 7.76187253, -1.32642955])"
67,Applied,https://en.wikipedia.org/wiki/Nutrition,Nutrition,"array([ 7.41518792, -2.03349544])"
68,Applied,https://en.wikipedia.org/wiki/Olericulture,Olericulture,"array([ 7.6846514 , -1.67298272])"
69,Applied,https://en.wikipedia.org/wiki/Ophthalmology,Ophthalmology,"array([ 7.71046214, -1.28793427])"
70,Applied,https://en.wikipedia.org/wiki/Optics,Optics,"array([ 7.91417687, -1.46162566])"
71,Applied,https://en.wikipedia.org/wiki/Optometry,Optometry,"array([ 7.73764955, -1.31290725])"
72,Applied,https://en.wikipedia.org/wiki/Organizational_behavior,Organizational behavior,"array([ 7.77738088, -1.3468548 ])"
73,Applied,https://en.wikipedia.org/wiki/Pathology,Pathology,"array([ 7.72098505, -1.29950455])"
74,Applied,https://en.wikipedia.org/wiki/Pediatrics,Pediatrics,"array([ 7.68952921, -1.27778418])"
75,Applied,https://en.wikipedia.org/wiki/Permaculture,Permaculture,"array([ 7.66997404, -1.38203439])"
76,Applied,https://en.wikipedia.org/wiki/Pharmacology,Pharmacology,"array([ 7.70796854, -1.267949  ])"
77,Applied,https://en.wikipedia.org/wiki/Pharmacy,Pharmacy,"array([ 7.76211885, -1.31716304])"
78,Applied,https://en.wikipedia.org/wiki/Photogrammetry,Photogrammetry,"array([ 7.80003915, -1.45386825])"
79,Applied,https://en.wikipedia.org/wiki/Physical_therapy,Physical therapy,"array([ 7.76216641, -1.30578546])"
80,Applied,https://en.wikipedia.org/wiki/Physiology,Physiology,"array([ 7.83479112, -1.14682809])"
81,Applied,https://en.wikipedia.org/wiki/Polymer_science,Polymer science,"array([ 7.93780166, -1.67749157])"
82,Applied,https://en.wikipedia.org/wiki/Psychiatry,Psychiatry,"array([ 7.7499936 , -1.31023057])"
83,Applied,https://en.wikipedia.org/wiki/Radiology,Radiology,"array([ 7.71586575, -1.31129277])"
84,Applied,https://en.wikipedia.org/wiki/Recruit_training,Recruit training,"array([ 7.7460318, -1.2772953])"
85,Applied,https://en.wikipedia.org/wiki/Remote_sensing,Remote sensing,"array([ 7.83215128, -1.46368624])"
86,Applied,https://en.wikipedia.org/wiki/Security_engineering,Security engineering,"array([ 7.76924388, -1.51530652])"
87,Applied,https://en.wikipedia.org/wiki/Silviculture,Silviculture,"array([ 7.69292737, -1.38682513])"
88,Applied,https://en.wikipedia.org/wiki/Software_engineering,Software engineering,"array([ 7.86670282, -1.40781243])"
89,Applied,https://en.wikipedia.org/wiki/Space_exploration,Space exploration,"array([ 7.96974424, -1.55616974])"
90,Applied,https://en.wikipedia.org/wiki/Strategic_management,Strategic management,"array([ 7.81635563, -1.36251055])"
91,Applied,https://en.wikipedia.org/wiki/Systems_engineering,Systems engineering,"array([ 7.84750219, -1.38158537])"
92,Applied,https://en.wikipedia.org/wiki/Toxicology,Toxicology,"array([ 7.68710597, -1.2500299 ])"
93,Applied,https://en.wikipedia.org/wiki/Urology,Urology,"array([ 7.68178579, -1.30610003])"
94,Formal,https://en.wikipedia.org/wiki/Affine_geometry,Affine geometry,"array([ 7.97505384, -1.45187114])"
95,Formal,https://en.wikipedia.org/wiki/Algebraic_geometry,Algebraic geometry,"array([ 7.94182213, -1.41779365])"
96,Formal,https://en.wikipedia.org/wiki/Algebraic_number theory,Algebraic number theory,"array([ 7.9593255 , -1.43699785])"
97,Formal,https://en.wikipedia.org/wiki/Algebraic_topology,Algebraic topology,"array([ 7.96778222, -1.46526893])"
98,Formal,https://en.wikipedia.org/wiki/Algorithm,Algorithm,"array([ 7.87648829, -1.38796476])"
99,Formal,https://en.wikipedia.org/wiki/Analysis_of variance,Analysis of variance,"array([ 7.92591332, -1.31614329])"
100,Formal,https://en.wikipedia.org/wiki/Analytic_number theory,Analytic number theory,"array([ 7.98865061, -1.43523306])"
101,Formal,https://en.wikipedia.org/wiki/Applied_mathematics,Applied mathematics,"array([ 7.88580147, -1.46312898])"
102,Formal,https://en.wikipedia.org/wiki/Approximation_theory,Approximation theory,"array([ 7.98616724, -1.47826336])"
103,Formal,https://en.wikipedia.org/wiki/Artificial_neural network,Artificial neural network,"array([ 7.95033791, -1.34644439])"
104,Formal,https://en.wikipedia.org/wiki/Associative_algebra,Associative algebra,"array([ 7.98924273, -1.44938132])"
105,Formal,https://en.wikipedia.org/wiki/Automata_theory,Automata theory,"array([ 7.89961808, -1.42563503])"
106,Formal,https://en.wikipedia.org/wiki/Automated_reasoning,Automated reasoning,"array([ 7.88636067, -1.43326623])"
107,Formal,https://en.wikipedia.org/wiki/Biocybernetics,Biocybernetics,"array([ 7.70876321, -1.55384512])"
108,Formal,https://en.wikipedia.org/wiki/Biostatistics,Biostatistics,"array([ 7.91526071, -1.31761873])"
109,Formal,https://en.wikipedia.org/wiki/Block_design,Block design,"array([ 7.99468217, -1.4164066 ])"
110,Formal,https://en.wikipedia.org/wiki/Bootstrapping_(statistics),Bootstrapping (statistics),"array([ 7.941717  , -1.32791916])"
111,Formal,https://en.wikipedia.org/wiki/Business_informatics,Business informatics,"array([ 7.78548998, -1.5176773 ])"
112,Formal,https://en.wikipedia.org/wiki/Category_theory,Category theory,"array([ 7.9240584 , -1.42470991])"
113,Formal,https://en.wikipedia.org/wiki/Chaos_theory,Chaos theory,"array([ 7.91966708, -1.36858422])"
114,Formal,https://en.wikipedia.org/wiki/Coding_theory,Coding theory,"array([ 7.95610755, -1.37152395])"
115,Formal,https://en.wikipedia.org/wiki/Combinatorics,Combinatorics,"array([ 7.91269957, -1.4354959 ])"
116,Formal,https://en.wikipedia.org/wiki/Compiler,Compiler,"array([ 7.86924514, -1.38806219])"
117,Formal,https://en.wikipedia.org/wiki/Complex_analysis,Complex analysis,"array([ 8.04097639, -1.41135929])"
118,Formal,https://en.wikipedia.org/wiki/Complex_system,Complex system,"array([ 7.88806252, -1.37113869])"
119,Formal,https://en.wikipedia.org/wiki/Computability_theory,Computability theory,"array([ 7.91604336, -1.41797974])"
120,Formal,https://en.wikipedia.org/wiki/Computational_biology,Computational biology,"array([ 7.96571672, -1.32374329])"
121,Formal,https://en.wikipedia.org/wiki/Computational_chemistry,Computational chemistry,"array([ 7.90769486, -1.47262739])"
122,Formal,https://en.wikipedia.org/wiki/Computational_complexity theory,Computational complexity theory,"array([ 7.90829735, -1.41345718])"
123,Formal,https://en.wikipedia.org/wiki/Computational_economics,Computational economics,"array([ 7.75624986, -1.45573507])"
124,Formal,https://en.wikipedia.org/wiki/Computational_finance,Computational finance,"array([ 7.750154  , -1.58567268])"
125,Formal,https://en.wikipedia.org/wiki/Computational_fluid dynamics,Computational fluid dynamics,"array([ 7.90823051, -1.44544869])"
126,Formal,https://en.wikipedia.org/wiki/Computational_geometry,Computational geometry,"array([ 7.89446364, -1.43455895])"
127,Formal,https://en.wikipedia.org/wiki/Computational_linguistics,Computational linguistics,"array([ 7.88050747, -1.38175589])"
128,Formal,https://en.wikipedia.org/wiki/Computational_mathematics,Computational mathematics,"array([ 7.8806385, -1.4887282])"
129,Formal,https://en.wikipedia.org/wiki/Computational_neuroscience,Computational neuroscience,"array([ 7.8908346 , -1.27752693])"
130,Formal,https://en.wikipedia.org/wiki/Computational_number theory,Computational number theory,"array([ 7.87059026, -1.53527478])"
131,Formal,https://en.wikipedia.org/wiki/Computational_sociology,Computational sociology,"array([ 7.85928376, -1.34609597])"
132,Formal,https://en.wikipedia.org/wiki/Computational_statistics,Computational statistics,"array([ 7.8057608 , -1.51249164])"
133,Formal,https://en.wikipedia.org/wiki/Computer_algebra,Computer algebra,"array([ 7.90436706, -1.43381522])"
134,Formal,https://en.wikipedia.org/wiki/Computer_architecture,Computer architecture,"array([ 7.88894777, -1.40607154])"
135,Formal,https://en.wikipedia.org/wiki/Computer_graphics,Computer graphics,"array([ 7.85186819, -1.41452906])"
136,Formal,https://en.wikipedia.org/wiki/Computer_network,Computer network,"array([ 7.86485252, -1.4321637 ])"
137,Formal,https://en.wikipedia.org/wiki/Computer_science,Computer science,"array([ 7.86948079, -1.39742689])"
138,Formal,https://en.wikipedia.org/wiki/Computer_security,Computer security,"array([ 7.84670971, -1.39485402])"
139,Formal,https://en.wikipedia.org/wiki/Computer_vision,Computer vision,"array([ 7.85590251, -1.40683357])"
140,Formal,https://en.wikipedia.org/wiki/Concurrency_(computer science),Concurrency (computer science),"array([ 7.85287784, -1.49301739])"
141,Formal,https://en.wikipedia.org/wiki/Concurrent_computing,Concurrent computing,"array([ 7.85495789, -1.44415592])"
142,Formal,https://en.wikipedia.org/wiki/Control_engineering,Control engineering,"array([ 7.86029312, -1.41884728])"
143,Formal,https://en.wikipedia.org/wiki/Control_system,Control system,"array([ 7.9420953 , -1.38025318])"
144,Formal,https://en.wikipedia.org/wiki/Control_theory,Control theory,"array([ 7.89447978, -1.39869363])"
145,Formal,https://en.wikipedia.org/wiki/Cybernetics,Cybernetics,"array([ 7.83351182, -1.42510337])"
146,Formal,https://en.wikipedia.org/wiki/Data_mining,Data mining,"array([ 7.88688813, -1.41834153])"
147,Formal,https://en.wikipedia.org/wiki/Data_structure,Data structure,"array([ 7.94178101, -1.35776609])"
148,Formal,https://en.wikipedia.org/wiki/Database,Database,"array([ 7.87650658, -1.40089299])"
149,Formal,https://en.wikipedia.org/wiki/Decision_theory,Decision theory,"array([ 7.73014524, -1.41752046])"
150,Formal,https://en.wikipedia.org/wiki/Demography,Demography,"array([ 7.78480835, -1.41100723])"
151,Formal,https://en.wikipedia.org/wiki/Design_of experiments,Design of experiments,"array([ 7.91625427, -1.3039539 ])"
152,Formal,https://en.wikipedia.org/wiki/Developmental_systems theory,Developmental systems theory,"array([ 7.91451035, -1.24630397])"
153,Formal,https://en.wikipedia.org/wiki/Differential_algebra,Differential algebra,"array([ 7.90644556, -1.48777106])"
154,Formal,https://en.wikipedia.org/wiki/Differential_geometry,Differential geometry,"array([ 7.97261196, -1.44107126])"
155,Formal,https://en.wikipedia.org/wiki/Differential_topology,Differential topology,"array([ 7.91579894, -1.48231628])"
156,Formal,https://en.wikipedia.org/wiki/Digital_humanities,Digital humanities,"array([ 7.83970343, -1.36681786])"
157,Formal,https://en.wikipedia.org/wiki/Digital_image processing,Digital image processing,"array([ 7.84465743, -1.47632272])"
158,Formal,https://en.wikipedia.org/wiki/Discrete_geometry,Discrete geometry,"array([ 7.95736127, -1.47082768])"
159,Formal,https://en.wikipedia.org/wiki/Distributed_algorithm,Distributed algorithm,"array([ 7.8353642, -1.5199829])"
160,Formal,https://en.wikipedia.org/wiki/Distributed_computing,Distributed computing,"array([ 7.85649593, -1.46740147])"
161,Formal,https://en.wikipedia.org/wiki/Distributed_database,Distributed database,"array([ 7.91768762, -1.3578372 ])"
162,Formal,https://en.wikipedia.org/wiki/Dynamical_system,Dynamical system,"array([ 7.92797165, -1.39301284])"
163,Formal,https://en.wikipedia.org/wiki/Dynamical_systems theory,Dynamical systems theory,"array([ 7.92369882, -1.43445064])"
164,Formal,https://en.wikipedia.org/wiki/Econometrics,Econometrics,"array([ 7.73722995, -1.40094486])"
165,Formal,https://en.wikipedia.org/wiki/Engineering_cybernetics,Engineering cybernetics,"array([ 7.78044033, -1.55237784])"
166,Formal,https://en.wikipedia.org/wiki/Engineering_statistics,Engineering statistics,"array([ 7.94137848, -1.30111769])"
167,Formal,https://en.wikipedia.org/wiki/Epidemiology,Epidemiology,"array([ 7.90028699, -1.297402  ])"
168,Formal,https://en.wikipedia.org/wiki/Ergodic_theory,Ergodic theory,"array([ 7.95991907, -1.45025448])"
169,Formal,https://en.wikipedia.org/wiki/Expert_system,Expert system,"array([ 7.85308137, -1.37419795])"
170,Formal,https://en.wikipedia.org/wiki/Fault_tolerance,Fault tolerance,"array([ 7.9280043 , -1.33760872])"
171,Formal,https://en.wikipedia.org/wiki/Field_(mathematics),Field (mathematics),"array([ 7.96344001, -1.41376778])"
172,Formal,https://en.wikipedia.org/wiki/Finite_element method,Finite element method,"array([ 7.94348669, -1.40560425])"
173,Formal,https://en.wikipedia.org/wiki/Formal_language,Formal language,"array([ 7.96515283, -1.40312675])"
174,Formal,https://en.wikipedia.org/wiki/Formal_methods,Formal methods,"array([ 7.89197155, -1.4133814 ])"
175,Formal,https://en.wikipedia.org/wiki/Formal_verification,Formal verification,"array([ 7.86928709, -1.46232858])"
176,Formal,https://en.wikipedia.org/wiki/Foundations_of mathematics,Foundations of mathematics,"array([ 7.916417  , -1.39581638])"
177,Formal,https://en.wikipedia.org/wiki/Fractal,Fractal,"array([ 8.02160336, -1.35188337])"
178,Formal,https://en.wikipedia.org/wiki/Functional_analysis,Functional analysis,"array([ 7.95019155, -1.45129346])"
179,Formal,https://en.wikipedia.org/wiki/Functional_programming,Functional programming,"array([ 7.86859765, -1.42387702])"
180,Formal,https://en.wikipedia.org/wiki/Game_theory,Game theory,"array([ 7.81565357, -1.3927259 ])"
181,Formal,https://en.wikipedia.org/wiki/General_topology,General topology,"array([ 7.96391091, -1.43044043])"
182,Formal,https://en.wikipedia.org/wiki/Geometric_topology,Geometric topology,"array([ 7.97624124, -1.46302916])"
183,Formal,https://en.wikipedia.org/wiki/Geometry_of numbers,Geometry of numbers,"array([ 7.96650928, -1.49817576])"
184,Formal,https://en.wikipedia.org/wiki/Graph_theory,Graph theory,"array([ 7.90874656, -1.4243502 ])"
185,Formal,https://en.wikipedia.org/wiki/Grid_computing,Grid computing,"array([ 7.84455421, -1.40794765])"
186,Formal,https://en.wikipedia.org/wiki/Group_representation,Group representation,"array([ 7.94595664, -1.45824552])"
187,Formal,https://en.wikipedia.org/wiki/Group_theory,Group theory,"array([ 7.95128117, -1.43417418])"
188,Formal,https://en.wikipedia.org/wiki/Harmonic_analysis,Harmonic analysis,"array([ 7.9352787 , -1.47834474])"
189,Formal,https://en.wikipedia.org/wiki/Health_informatics,Health informatics,"array([ 7.79140667, -1.35303489])"
190,Formal,https://en.wikipedia.org/wiki/High_availability,High availability,"array([ 7.89463171, -1.38843302])"
191,Formal,https://en.wikipedia.org/wiki/Homological_algebra,Homological algebra,"array([ 7.96006805, -1.45961786])"
192,Formal,https://en.wikipedia.org/wiki/Human–computer_interaction,Human–computer interaction,"array([ 7.83789777, -1.37465094])"
193,Formal,https://en.wikipedia.org/wiki/Information_retrieval,Information retrieval,"array([ 7.80744131, -1.4171314 ])"
194,Formal,https://en.wikipedia.org/wiki/Information_science,Information science,"array([ 7.82241641, -1.37815714])"
195,Formal,https://en.wikipedia.org/wiki/Information_system,Information system,"array([ 7.84735145, -1.36581186])"
196,Formal,https://en.wikipedia.org/wiki/Information_theory,Information theory,"array([ 7.90100199, -1.4084732 ])"
197,Formal,https://en.wikipedia.org/wiki/Internet,Internet,"array([ 7.82678379, -1.38979656])"
198,Formal,https://en.wikipedia.org/wiki/Intuitionistic_logic,Intuitionistic logic,"array([ 7.95848379, -1.39240785])"
199,Formal,https://en.wikipedia.org/wiki/Lattice_(order),Lattice (order),"array([ 7.97946089, -1.43556863])"
200,Formal,https://en.wikipedia.org/wiki/Lie_algebra,Lie algebra,"array([ 7.98078566, -1.445067  ])"
201,Formal,https://en.wikipedia.org/wiki/Linear_algebra,Linear algebra,"array([ 7.94228186, -1.43274018])"
202,Formal,https://en.wikipedia.org/wiki/Linear_programming,Linear programming,"array([ 7.93247354, -1.39996613])"
203,Formal,https://en.wikipedia.org/wiki/Linear_time-invariant system,Linear time-invariant system,"array([ 7.95384051, -1.44239496])"
204,Formal,https://en.wikipedia.org/wiki/Logic,Logic,"array([ 7.8793457 , -1.36079045])"
205,Formal,https://en.wikipedia.org/wiki/Machine_learning,Machine learning,"array([ 7.88337528, -1.39740825])"
206,Formal,https://en.wikipedia.org/wiki/Management_cybernetics,Management cybernetics,"array([ 7.78534575, -1.49216722])"
207,Formal,https://en.wikipedia.org/wiki/Management_information system,Management information system,"array([ 7.78599697, -1.27065602])"
208,Formal,https://en.wikipedia.org/wiki/Mathematical_analysis,Mathematical analysis,"array([ 7.94174007, -1.44025174])"
209,Formal,https://en.wikipedia.org/wiki/Mathematical_logic,Mathematical logic,"array([ 7.92268306, -1.4133588 ])"
210,Formal,https://en.wikipedia.org/wiki/Mathematical_optimization,Mathematical optimization,"array([ 7.9064884 , -1.39280764])"
211,Formal,https://en.wikipedia.org/wiki/Mathematical_physics,Mathematical physics,"array([ 7.92750471, -1.46784843])"
212,Formal,https://en.wikipedia.org/wiki/Mathematical_statistics,Mathematical statistics,"array([ 7.93398119, -1.29419783])"
213,Formal,https://en.wikipedia.org/wiki/Measure_(mathematics),Measure (mathematics),"array([ 7.9669743 , -1.45255981])"
214,Formal,https://en.wikipedia.org/wiki/Medical_cybernetics,Medical cybernetics,"array([ 7.71790535, -1.57293085])"
215,Formal,https://en.wikipedia.org/wiki/Mobile_computing,Mobile computing,"array([ 7.82041089, -1.43088147])"
216,Formal,https://en.wikipedia.org/wiki/Modal_logic,Modal logic,"array([ 7.93183951, -1.37949416])"
217,Formal,https://en.wikipedia.org/wiki/Model_theory,Model theory,"array([ 7.93833769, -1.4246795 ])"
218,Formal,https://en.wikipedia.org/wiki/Multilinear_algebra,Multilinear algebra,"array([ 8.0226483 , -1.45840616])"
219,Formal,https://en.wikipedia.org/wiki/Multimedia,Multimedia,"array([ 7.80360393, -1.39938269])"
220,Formal,https://en.wikipedia.org/wiki/Multivariate_analysis,Multivariate analysis,"array([ 7.93020957, -1.28523763])"
221,Formal,https://en.wikipedia.org/wiki/Natural_language processing,Natural language processing,"array([ 7.90560288, -1.35166768])"
222,Formal,https://en.wikipedia.org/wiki/Non-associative_algebra,Non-associative algebra,"array([ 7.98534357, -1.46000877])"
223,Formal,https://en.wikipedia.org/wiki/Non-Euclidean_geometry,Non-Euclidean geometry,"array([ 7.94546635, -1.39268996])"
224,Formal,https://en.wikipedia.org/wiki/Non-standard_analysis,Non-standard analysis,"array([ 7.97306827, -1.41694279])"
225,Formal,https://en.wikipedia.org/wiki/Number_theory,Number theory,"array([ 7.91500223, -1.40872561])"
226,Formal,https://en.wikipedia.org/wiki/Numerical_analysis,Numerical analysis,"array([ 7.91493998, -1.42683777])"
227,Formal,https://en.wikipedia.org/wiki/Object_database,Object database,"array([ 7.96460158, -1.34456564])"
228,Formal,https://en.wikipedia.org/wiki/Object-oriented_programming,Object-oriented programming,"array([ 7.85774327, -1.39202637])"
229,Formal,https://en.wikipedia.org/wiki/Operating_system,Operating system,"array([ 7.87976907, -1.4091777 ])"
230,Formal,https://en.wikipedia.org/wiki/Operations_research,Operations research,"array([ 7.90097333, -1.36229214])"
231,Formal,https://en.wikipedia.org/wiki/Operator_theory,Operator theory,"array([ 7.99673839, -1.47218127])"
232,Formal,https://en.wikipedia.org/wiki/Order_theory,Order theory,"array([ 7.9463643 , -1.42520254])"
233,Formal,https://en.wikipedia.org/wiki/Ordinary_differential equation,Ordinary differential equation,"array([ 7.97261962, -1.43108725])"
234,Formal,https://en.wikipedia.org/wiki/p-adic_analysis,p-adic analysis,"array([ 7.94732186, -1.46711571])"
235,Formal,https://en.wikipedia.org/wiki/Parallel_algorithm,Parallel algorithm,"array([ 7.82527758, -1.48817984])"
236,Formal,https://en.wikipedia.org/wiki/Parallel_computing,Parallel computing,"array([ 7.84428258, -1.41677671])"
237,Formal,https://en.wikipedia.org/wiki/Partial_differential equation,Partial differential equation,"array([ 7.98001563, -1.42598895])"
238,Formal,https://en.wikipedia.org/wiki/Probability_theory,Probability theory,"array([ 7.93678676, -1.44697537])"
239,Formal,https://en.wikipedia.org/wiki/Programming_language,Programming language,"array([ 7.86800848, -1.37784567])"
240,Formal,https://en.wikipedia.org/wiki/Programming_paradigm,Programming paradigm,"array([ 7.88000196, -1.42251241])"
241,Formal,https://en.wikipedia.org/wiki/Projective_geometry,Projective geometry,"array([ 7.98349832, -1.40648224])"
242,Formal,https://en.wikipedia.org/wiki/Proof_theory,Proof theory,"array([ 7.95361493, -1.40211096])"
243,Formal,https://en.wikipedia.org/wiki/Quality_control,Quality control,"array([ 7.93957199, -1.27871863])"
244,Formal,https://en.wikipedia.org/wiki/Quantum_computing,Quantum computing,"array([ 7.93126239, -1.41263738])"
245,Formal,https://en.wikipedia.org/wiki/Quantum_field theory,Quantum field theory,"array([ 7.94901177, -1.48209142])"
246,Formal,https://en.wikipedia.org/wiki/Randomized_algorithm,Randomized algorithm,"array([ 7.97351959, -1.38436734])"
247,Formal,https://en.wikipedia.org/wiki/Real_analysis,Real analysis,"array([ 7.95396205, -1.41939714])"
248,Formal,https://en.wikipedia.org/wiki/Regression_analysis,Regression analysis,"array([ 7.94948331, -1.30768653])"
249,Formal,https://en.wikipedia.org/wiki/Relational_database,Relational database,"array([ 7.89484781, -1.37832645])"
250,Formal,https://en.wikipedia.org/wiki/Reliability_engineering,Reliability engineering,"array([ 7.90641894, -1.33341825])"
251,Formal,https://en.wikipedia.org/wiki/Response_surface methodology,Response surface methodology,"array([ 7.99267279, -1.32102226])"
252,Formal,https://en.wikipedia.org/wiki/Ring_theory,Ring theory,"array([ 7.96557517, -1.44414123])"
253,Formal,https://en.wikipedia.org/wiki/Scientific_visualization,Scientific visualization,"array([ 7.81587359, -1.45673525])"
254,Formal,https://en.wikipedia.org/wiki/Second-order_cybernetics,Second-order cybernetics,"array([ 7.81664055, -1.47288394])"
255,Formal,https://en.wikipedia.org/wiki/Semantics_(computer science),Semantics (computer science),"array([ 7.89572375, -1.46215965])"
256,Formal,https://en.wikipedia.org/wiki/Set_theory,Set theory,"array([ 7.9217103 , -1.40539453])"
257,Formal,https://en.wikipedia.org/wiki/Simulation,Simulation,"array([ 7.82724859, -1.36926088])"
258,Formal,https://en.wikipedia.org/wiki/Social_statistics,Social statistics,"array([ 7.94305553, -1.28958921])"
259,Formal,https://en.wikipedia.org/wiki/Spatial_analysis,Spatial analysis,"array([ 7.85759242, -1.3822314 ])"
260,Formal,https://en.wikipedia.org/wiki/Statistical_mechanics,Statistical mechanics,"array([ 7.92389537, -1.48498016])"
261,Formal,https://en.wikipedia.org/wiki/Statistical_model,Statistical model,"array([ 7.95192457, -1.29598494])"
262,Formal,https://en.wikipedia.org/wiki/Statistical_theory,Statistical theory,"array([ 7.92241271, -1.2935165 ])"
263,Formal,https://en.wikipedia.org/wiki/Statistics,Statistics,"array([ 7.89346463, -1.34858469])"
264,Formal,https://en.wikipedia.org/wiki/Stochastic_process,Stochastic process,"array([ 8.01511028, -1.42659191])"
265,Formal,https://en.wikipedia.org/wiki/Structural_equation modeling,Structural equation modeling,"array([ 7.93706219, -1.31233686])"
266,Formal,https://en.wikipedia.org/wiki/Supercomputer,Supercomputer,"array([ 7.876863  , -1.43184029])"
267,Formal,https://en.wikipedia.org/wiki/Survey_methodology,Survey methodology,"array([ 7.95185998, -1.28291955])"
268,Formal,https://en.wikipedia.org/wiki/Survey_sampling,Survey sampling,"array([ 8.02029544, -1.23375933])"
269,Formal,https://en.wikipedia.org/wiki/System_dynamics,System dynamics,"array([ 7.86143859, -1.39904777])"
270,Formal,https://en.wikipedia.org/wiki/Systems_analysis,Systems analysis,"array([ 7.82998757, -1.44779363])"
271,Formal,https://en.wikipedia.org/wiki/Systems_biology,Systems biology,"array([ 7.92142438, -1.38026486])"
272,Formal,https://en.wikipedia.org/wiki/Systems_ecology,Systems ecology,"array([ 7.66688846, -1.45393338])"
273,Formal,https://en.wikipedia.org/wiki/Systems_engineering,Systems engineering,"array([ 7.84355615, -1.38737652])"
274,Formal,https://en.wikipedia.org/wiki/Systems_neuroscience,Systems neuroscience,"array([ 7.79989607, -1.47087502])"
275,Formal,https://en.wikipedia.org/wiki/Systems_psychology,Systems psychology,"array([ 7.78367654, -1.32612071])"
276,Formal,https://en.wikipedia.org/wiki/Systems_science,Systems science,"array([ 7.88732256, -1.33793662])"
277,Formal,https://en.wikipedia.org/wiki/Systems_theory,Systems theory,"array([ 7.8699926 , -1.36737682])"
278,Formal,https://en.wikipedia.org/wiki/Theory_of computation,Theory of computation,"array([ 7.93295503, -1.43396185])"
279,Formal,https://en.wikipedia.org/wiki/Time_series,Time series,"array([ 7.92002718, -1.28400194])"
280,Formal,https://en.wikipedia.org/wiki/Topology,Topology,"array([ 7.95642319, -1.42790863])"
281,Formal,https://en.wikipedia.org/wiki/Type_theory,Type theory,"array([ 7.90277724, -1.41762663])"
282,Formal,https://en.wikipedia.org/wiki/Universal_algebra,Universal algebra,"array([ 7.94753713, -1.41521693])"
283,Formal,https://en.wikipedia.org/wiki/Vector_space,Vector space,"array([ 7.96478889, -1.42172495])"
284,Formal,https://en.wikipedia.org/wiki/Very_Large Scale Integration,Very Large Scale Integration,"array([ 7.89226458, -1.42544655])"
285,Formal,https://en.wikipedia.org/wiki/Wireless_network,Wireless network,"array([ 7.84000392, -1.45028357])"
286,Formal,https://en.wikipedia.org/wiki/World_Wide Web,World Wide Web,"array([ 7.83575801, -1.40003022])"
287,Natural,https://en.wikipedia.org/wiki/Acarology,Acarology,"array([ 7.78834364, -1.58032379])"
288,Natural,https://en.wikipedia.org/wiki/Acoustics,Acoustics,"array([ 7.99999438, -1.49561828])"
289,Natural,https://en.wikipedia.org/wiki/Aerobiology,Aerobiology,"array([ 7.736702  , -1.53557132])"
290,Natural,https://en.wikipedia.org/wiki/Agroecosystem,Agroecosystem,"array([ 7.76436057, -1.59190589])"
291,Natural,https://en.wikipedia.org/wiki/Agrophysics,Agrophysics,"array([ 7.83084157, -1.58247422])"
292,Natural,https://en.wikipedia.org/wiki/Analytical_chemistry,Analytical chemistry,"array([ 7.92958921, -1.55602606])"
293,Natural,https://en.wikipedia.org/wiki/Aqueous_geochemistry,Aqueous geochemistry,"array([ 7.80942012, -1.54880673])"
294,Natural,https://en.wikipedia.org/wiki/Astrobiology,Astrobiology,"array([ 7.96051083, -1.57176179])"
295,Natural,https://en.wikipedia.org/wiki/Astrochemistry,Astrochemistry,"array([ 7.9461816 , -1.57314128])"
296,Natural,https://en.wikipedia.org/wiki/Astrometry,Astrometry,"array([ 7.85856586, -1.5469709 ])"
297,Natural,https://en.wikipedia.org/wiki/Astronomy,Astronomy,"array([ 7.91053504, -1.49762389])"
298,Natural,https://en.wikipedia.org/wiki/Astrophysics,Astrophysics,"array([ 7.93535853, -1.5123824 ])"
299,Natural,https://en.wikipedia.org/wiki/Atmospheric_chemistry,Atmospheric chemistry,"array([ 7.89177534, -1.55592622])"
300,Natural,https://en.wikipedia.org/wiki/Atmospheric_physics,Atmospheric physics,"array([ 7.85189428, -1.56118906])"
301,Natural,https://en.wikipedia.org/wiki/Atmospheric_science,Atmospheric science,"array([ 7.8493416, -1.6094614])"
302,Natural,"https://en.wikipedia.org/wiki/Atomic,_molecular, and optical physics","Atomic, molecular, and optical physics","array([ 7.92000113, -1.51168637])"
303,Natural,https://en.wikipedia.org/wiki/Bacteriology,Bacteriology,"array([ 7.77987777, -1.56722937])"
304,Natural,https://en.wikipedia.org/wiki/Behavioral_neuroscience,Behavioral neuroscience,"array([ 7.84258847, -1.29592812])"
305,Natural,https://en.wikipedia.org/wiki/Biochemistry,Biochemistry,"array([ 7.98838848, -1.55506512])"
306,Natural,https://en.wikipedia.org/wiki/Biogeography,Biogeography,"array([ 7.61563061, -1.4458512 ])"
307,Natural,https://en.wikipedia.org/wiki/Bioinformatics,Bioinformatics,"array([ 7.90884784, -1.40153379])"
308,Natural,https://en.wikipedia.org/wiki/Bioinorganic_chemistry,Bioinorganic chemistry,"array([ 7.88249103, -1.60483661])"
309,Natural,https://en.wikipedia.org/wiki/Biological_anthropology,Biological anthropology,"array([ 7.70829394, -1.46284016])"
310,Natural,https://en.wikipedia.org/wiki/Biological_engineering,Biological engineering,"array([ 7.69131693, -1.47682887])"
311,Natural,https://en.wikipedia.org/wiki/Biomechanics,Biomechanics,"array([ 7.87627067, -1.5064276 ])"
312,Natural,https://en.wikipedia.org/wiki/Bioorganic_chemistry,Bioorganic chemistry,"array([ 7.88102093, -1.62196179])"
313,Natural,https://en.wikipedia.org/wiki/Biophysical_chemistry,Biophysical chemistry,"array([ 7.86601926, -1.56696532])"
314,Natural,https://en.wikipedia.org/wiki/Biophysics,Biophysics,"array([ 7.86905684, -1.52156328])"
315,Natural,https://en.wikipedia.org/wiki/Biotechnology,Biotechnology,"array([ 7.76144427, -1.34311789])"
316,Natural,https://en.wikipedia.org/wiki/Carcinogenesis,Carcinogenesis,"array([ 7.54370013, -1.37905155])"
317,Natural,https://en.wikipedia.org/wiki/Chemical_biology,Chemical biology,"array([ 7.9804173 , -1.49943858])"
318,Natural,https://en.wikipedia.org/wiki/Chemical_engineering,Chemical engineering,"array([ 7.69943067, -1.5089336 ])"
319,Natural,https://en.wikipedia.org/wiki/Chemical_kinetics,Chemical kinetics,"array([ 7.91006634, -1.57071284])"
320,Natural,https://en.wikipedia.org/wiki/Chemical_oceanography,Chemical oceanography,"array([ 7.82517462, -1.55177922])"
321,Natural,https://en.wikipedia.org/wiki/Chemical_physics,Chemical physics,"array([ 7.88074744, -1.55487996])"
322,Natural,https://en.wikipedia.org/wiki/Chemical_thermodynamics,Chemical thermodynamics,"array([ 7.91964888, -1.53691322])"
323,Natural,https://en.wikipedia.org/wiki/Cheminformatics,Cheminformatics,"array([ 7.76573358, -1.56276505])"
324,Natural,https://en.wikipedia.org/wiki/Cladistics,Cladistics,"array([ 7.54296809, -1.48263384])"
325,Natural,https://en.wikipedia.org/wiki/Classical_mechanics,Classical mechanics,"array([ 7.9599606 , -1.48937159])"
326,Natural,https://en.wikipedia.org/wiki/Climatology,Climatology,"array([ 7.83733527, -1.57125908])"
327,Natural,https://en.wikipedia.org/wiki/Coastal_geography,Coastal geography,"array([ 8.37122938, -0.91265953])"
328,Natural,https://en.wikipedia.org/wiki/Coleopterology,Coleopterology,"array([ 7.79067434, -1.59553554])"
329,Natural,https://en.wikipedia.org/wiki/Computational_chemistry,Computational chemistry,"array([ 7.90141235, -1.47403032])"
330,Natural,https://en.wikipedia.org/wiki/Computational_physics,Computational physics,"array([ 7.88566765, -1.44831608])"
331,Natural,https://en.wikipedia.org/wiki/Condensed_matter physics,Condensed matter physics,"array([ 7.93964073, -1.50082354])"
332,Natural,https://en.wikipedia.org/wiki/Conservation_biology,Conservation biology,"array([ 7.7239883 , -1.35268379])"
333,Natural,https://en.wikipedia.org/wiki/Continuum_mechanics,Continuum mechanics,"array([ 7.96762568, -1.48130677])"
334,Natural,https://en.wikipedia.org/wiki/Cosmochemistry,Cosmochemistry,"array([ 7.93283182, -1.61450896])"
335,Natural,https://en.wikipedia.org/wiki/Cosmology,Cosmology,"array([ 7.97971933, -1.54111564])"
336,Natural,https://en.wikipedia.org/wiki/Cryogenics,Cryogenics,"array([ 7.99661682, -1.5294055 ])"
337,Natural,https://en.wikipedia.org/wiki/Developmental_biology,Developmental biology,"array([ 7.50266004, -1.4200991 ])"
338,Natural,https://en.wikipedia.org/wiki/Dynamics_(mechanics),Dynamics (mechanics),"array([ 8.03126152, -1.52933964])"
339,Natural,https://en.wikipedia.org/wiki/Econophysics,Econophysics,"array([ 7.71946953, -1.37912716])"
340,Natural,https://en.wikipedia.org/wiki/Electrochemistry,Electrochemistry,"array([ 7.94605069, -1.55478738])"
341,Natural,https://en.wikipedia.org/wiki/Electromagnetism,Electromagnetism,"array([ 7.95091258, -1.50660005])"
342,Natural,https://en.wikipedia.org/wiki/Embryology,Embryology,"array([ 7.44471775, -1.42342149])"
343,Natural,https://en.wikipedia.org/wiki/Entomology,Entomology,"array([ 7.74579853, -1.66751083])"
344,Natural,https://en.wikipedia.org/wiki/Environmental_chemistry,Environmental chemistry,"array([ 7.81788341, -1.54195711])"
345,Natural,https://en.wikipedia.org/wiki/Environmental_geology,Environmental geology,"array([ 7.8037881 , -1.58243031])"
346,Natural,https://en.wikipedia.org/wiki/Environmental_science,Environmental science,"array([ 7.82870208, -1.60093763])"
347,Natural,https://en.wikipedia.org/wiki/Environmental_soil science,Environmental soil science,"array([ 7.82140213, -1.63267973])"
348,Natural,https://en.wikipedia.org/wiki/Epidemiology,Epidemiology,"array([ 7.90063382, -1.28813318])"
349,Natural,https://en.wikipedia.org/wiki/Ethology,Ethology,"array([ 7.69061017, -1.13646884])"
350,Natural,https://en.wikipedia.org/wiki/Evolution,Evolution,"array([ 7.68890538, -1.42797758])"
351,Natural,https://en.wikipedia.org/wiki/Evolutionary_biology,Evolutionary biology,"array([ 7.63275595, -1.47791335])"
352,Natural,https://en.wikipedia.org/wiki/Evolutionary_developmental biology,Evolutionary developmental biology,"array([ 7.58920808, -1.41540389])"
353,Natural,https://en.wikipedia.org/wiki/Extragalactic_astronomy,Extragalactic astronomy,"array([ 7.79898587, -1.53539409])"
354,Natural,https://en.wikipedia.org/wiki/Femtochemistry,Femtochemistry,"array([ 7.87689338, -1.5678239 ])"
355,Natural,https://en.wikipedia.org/wiki/Flavorist,Flavorist,"array([ 7.73794904, -1.55148065])"
356,Natural,https://en.wikipedia.org/wiki/Fluid_mechanics,Fluid mechanics,"array([ 7.92243376, -1.52185185])"
357,Natural,https://en.wikipedia.org/wiki/Freshwater_biology,Freshwater biology,"array([ 7.77552945, -1.6157173 ])"
358,Natural,https://en.wikipedia.org/wiki/Galactic_astronomy,Galactic astronomy,"array([ 7.81315361, -1.57501733])"
359,Natural,https://en.wikipedia.org/wiki/Genomics,Genomics,"array([ 8.00428467, -1.45420503])"
360,Natural,https://en.wikipedia.org/wiki/Geochemistry,Geochemistry,"array([ 7.91772183, -1.55712244])"
361,Natural,https://en.wikipedia.org/wiki/Geodesy,Geodesy,"array([ 7.57633486, -1.60809197])"
362,Natural,https://en.wikipedia.org/wiki/Geomorphology,Geomorphology,"array([ 7.84682902, -1.53782634])"
363,Natural,https://en.wikipedia.org/wiki/Geophysics,Geophysics,"array([ 7.87128108, -1.54929663])"
364,Natural,https://en.wikipedia.org/wiki/Geostatistics,Geostatistics,"array([ 7.92874322, -1.27480505])"
365,Natural,https://en.wikipedia.org/wiki/Gerontology,Gerontology,"array([ 7.8171709 , -1.22289218])"
366,Natural,https://en.wikipedia.org/wiki/Helminthology,Helminthology,"array([ 7.80250238, -1.59534147])"
367,Natural,https://en.wikipedia.org/wiki/Herpetology,Herpetology,"array([ 7.78485613, -1.63076901])"
368,Natural,https://en.wikipedia.org/wiki/Hydrogeology,Hydrogeology,"array([ 7.85250676, -1.45429553])"
369,Natural,https://en.wikipedia.org/wiki/Hydrology,Hydrology,"array([ 7.81757248, -1.50609501])"
370,Natural,https://en.wikipedia.org/wiki/Immune_system,Immune system,"array([ 7.4823893 , -1.36695939])"
371,Natural,https://en.wikipedia.org/wiki/Inorganic_chemistry,Inorganic chemistry,"array([ 7.92805187, -1.56623149])"
372,Natural,https://en.wikipedia.org/wiki/Isotope_geochemistry,Isotope geochemistry,"array([ 7.97859724, -1.63258048])"
373,Natural,https://en.wikipedia.org/wiki/Lepidopterology,Lepidopterology,"array([ 7.79292245, -1.6838798 ])"
374,Natural,https://en.wikipedia.org/wiki/Limnology,Limnology,"array([ 7.72517782, -1.68555345])"
375,Natural,https://en.wikipedia.org/wiki/Malacology,Malacology,"array([ 7.76360321, -1.64888454])"
376,Natural,https://en.wikipedia.org/wiki/Mammalogy,Mammalogy,"array([ 7.75423645, -1.61433875])"
377,Natural,https://en.wikipedia.org/wiki/Marine_biology,Marine biology,"array([ 7.10299408, -1.53731272])"
378,Natural,https://en.wikipedia.org/wiki/Materials_physics,Materials physics,"array([ 7.86531124, -1.60391314])"
379,Natural,https://en.wikipedia.org/wiki/Materials_science,Materials science,"array([ 7.932028  , -1.53354171])"
380,Natural,https://en.wikipedia.org/wiki/Mathematical_and theoretical biology,Mathematical and theoretical biology,"array([ 7.89749608, -1.44523444])"
381,Natural,https://en.wikipedia.org/wiki/Mathematical_chemistry,Mathematical chemistry,"array([ 7.87613202, -1.65906958])"
382,Natural,https://en.wikipedia.org/wiki/Mathematical_physics,Mathematical physics,"array([ 7.93236899, -1.460306  ])"
383,Natural,https://en.wikipedia.org/wiki/Mechanics,Mechanics,"array([ 7.96869898, -1.51088228])"
384,Natural,https://en.wikipedia.org/wiki/Mechanochemistry,Mechanochemistry,"array([ 7.89736859, -1.59809739])"
385,Natural,https://en.wikipedia.org/wiki/Medical_physics,Medical physics,"array([ 7.80936359, -1.49014356])"
386,Natural,https://en.wikipedia.org/wiki/Medical_research,Medical research,"array([ 7.78006829, -1.30537472])"
387,Natural,https://en.wikipedia.org/wiki/Medicinal_chemistry,Medicinal chemistry,"array([ 7.89773978, -1.5462556 ])"
388,Natural,https://en.wikipedia.org/wiki/Mineralogy,Mineralogy,"array([ 7.95583354, -1.64566336])"
389,Natural,https://en.wikipedia.org/wiki/Molecular_biology,Molecular biology,"array([ 7.93774313, -1.58413356])"
390,Natural,https://en.wikipedia.org/wiki/Molecular_mechanics,Molecular mechanics,"array([ 7.972285  , -1.52628871])"
391,Natural,https://en.wikipedia.org/wiki/Mutation,Mutation,"array([ 7.63869865, -1.39223528])"
392,Natural,https://en.wikipedia.org/wiki/Myrmecology,Myrmecology,"array([ 7.77122608, -1.67778736])"
393,Natural,https://en.wikipedia.org/wiki/Nanotechnology,Nanotechnology,"array([ 7.98360564, -1.36075339])"
394,Natural,https://en.wikipedia.org/wiki/Natural_product,Natural product,"array([ 8.06207231, -1.59490819])"
395,Natural,https://en.wikipedia.org/wiki/Neurochemistry,Neurochemistry,"array([ 7.87127312, -1.57644484])"
396,Natural,https://en.wikipedia.org/wiki/Neurophysics,Neurophysics,"array([ 7.83282871, -1.55668581])"
397,Natural,https://en.wikipedia.org/wiki/Neuroscience,Neuroscience,"array([ 7.85224454, -1.23442125])"
398,Natural,https://en.wikipedia.org/wiki/Nuclear_chemistry,Nuclear chemistry,"array([ 7.97012643, -1.59175819])"
399,Natural,https://en.wikipedia.org/wiki/Nuclear_physics,Nuclear physics,"array([ 7.95940319, -1.54232576])"
400,Natural,https://en.wikipedia.org/wiki/Ocean_chemistry,Ocean chemistry,"array([ 7.87908234, -1.58621992])"
401,Natural,https://en.wikipedia.org/wiki/Oceanography,Oceanography,"array([ 7.09829887, -1.50786232])"
402,Natural,https://en.wikipedia.org/wiki/Optics,Optics,"array([ 7.90640937, -1.4618394 ])"
403,Natural,https://en.wikipedia.org/wiki/Orbital_mechanics,Orbital mechanics,"array([ 8.01920622, -1.44057195])"
404,Natural,https://en.wikipedia.org/wiki/Organic_geochemistry,Organic geochemistry,"array([ 7.79449969, -1.61250314])"
405,Natural,https://en.wikipedia.org/wiki/Organometallic_chemistry,Organometallic chemistry,"array([ 7.91642573, -1.60705366])"
406,Natural,https://en.wikipedia.org/wiki/Orthotics,Orthotics,"array([ 7.74156445, -1.215746  ])"
407,Natural,https://en.wikipedia.org/wiki/Paleoclimatology,Paleoclimatology,"array([ 7.85295194, -1.57759011])"
408,Natural,https://en.wikipedia.org/wiki/Paleontology,Paleontology,"array([ 7.82055029, -1.51552745])"
409,Natural,https://en.wikipedia.org/wiki/Particle_physics,Particle physics,"array([ 7.98728041, -1.5143286 ])"
410,Natural,https://en.wikipedia.org/wiki/Pathology,Pathology,"array([ 7.70535224, -1.31926955])"
411,Natural,https://en.wikipedia.org/wiki/Petrochemistry,Petrochemistry,"array([ 7.89168963, -1.58232333])"
412,Natural,https://en.wikipedia.org/wiki/Petrology,Petrology,"array([ 7.7779061 , -1.59757231])"
413,Natural,https://en.wikipedia.org/wiki/Pharmacology,Pharmacology,"array([ 7.72212304, -1.2603158 ])"
414,Natural,https://en.wikipedia.org/wiki/Photochemistry,Photochemistry,"array([ 7.92221327, -1.58675113])"
415,Natural,https://en.wikipedia.org/wiki/Phylogenetic_tree,Phylogenetic tree,"array([ 7.57150193, -1.46454834])"
416,Natural,https://en.wikipedia.org/wiki/Physical_chemistry,Physical chemistry,"array([ 7.9090127 , -1.54115557])"
417,Natural,https://en.wikipedia.org/wiki/Physical_cosmology,Physical cosmology,"array([ 7.96010412, -1.5249255 ])"
418,Natural,https://en.wikipedia.org/wiki/Physical_organic chemistry,Physical organic chemistry,"array([ 7.93727693, -1.54888152])"
419,Natural,https://en.wikipedia.org/wiki/Physiology,Physiology,"array([ 7.85848168, -1.14322091])"
420,Natural,https://en.wikipedia.org/wiki/Phytochemistry,Phytochemistry,"array([ 7.62695945, -1.7007464 ])"
421,Natural,https://en.wikipedia.org/wiki/Planetary_science,Planetary science,"array([ 7.88552413, -1.53988858])"
422,Natural,https://en.wikipedia.org/wiki/Plant_pathology,Plant pathology,"array([ 7.60603376, -1.68242058])"
423,Natural,https://en.wikipedia.org/wiki/Plasma_(physics),Plasma (physics),"array([ 7.94766131, -1.5178332 ])"
424,Natural,https://en.wikipedia.org/wiki/Polymer_chemistry,Polymer chemistry,"array([ 7.9098032, -1.5933086])"
425,Natural,https://en.wikipedia.org/wiki/Polymer_physics,Polymer physics,"array([ 7.92717927, -1.50430066])"
426,Natural,https://en.wikipedia.org/wiki/Population_biology,Population biology,"array([ 7.81513849, -1.53113133])"
427,Natural,https://en.wikipedia.org/wiki/Population_ecology,Population ecology,"array([ 7.618998  , -1.42594347])"
428,Natural,https://en.wikipedia.org/wiki/Population_genetics,Population genetics,"array([ 7.64216678, -1.41537008])"
429,Natural,https://en.wikipedia.org/wiki/Prosthesis,Prosthesis,"array([ 7.77748232, -1.24972406])"
430,Natural,https://en.wikipedia.org/wiki/Proteomics,Proteomics,"array([ 8.00722006, -1.40742782])"
431,Natural,https://en.wikipedia.org/wiki/Psychology,Psychology,"array([ 7.82524184, -1.32485392])"
432,Natural,https://en.wikipedia.org/wiki/Psychophysics,Psychophysics,"array([ 7.85176423, -1.30636569])"
433,Natural,https://en.wikipedia.org/wiki/Quantum_chemistry,Quantum chemistry,"array([ 7.90826378, -1.52345193])"
434,Natural,https://en.wikipedia.org/wiki/Quantum_mechanics,Quantum mechanics,"array([ 7.92062528, -1.44836058])"
435,Natural,https://en.wikipedia.org/wiki/Radiochemistry,Radiochemistry,"array([ 8.01544662, -1.65986233])"
436,Natural,https://en.wikipedia.org/wiki/Regional_geochemistry,Regional geochemistry,"array([ 7.8039606 , -1.54197919])"
437,Natural,https://en.wikipedia.org/wiki/Seismology,Seismology,"array([ 7.90075345, -1.64914276])"
438,Natural,https://en.wikipedia.org/wiki/Sociobiology,Sociobiology,"array([ 7.71913445, -1.20727551])"
439,Natural,https://en.wikipedia.org/wiki/Soil_physics,Soil physics,"array([ 7.83510045, -1.61578643])"
440,Natural,https://en.wikipedia.org/wiki/Soil_science,Soil science,"array([ 7.8234762 , -1.68672673])"
441,Natural,https://en.wikipedia.org/wiki/Solid-state_chemistry,Solid-state chemistry,"array([ 7.91845827, -1.56684754])"
442,Natural,https://en.wikipedia.org/wiki/Solid-state_physics,Solid-state physics,"array([ 7.89142132, -1.52978583])"
443,Natural,https://en.wikipedia.org/wiki/Sonochemistry,Sonochemistry,"array([ 7.90102876, -1.56546869])"
444,Natural,https://en.wikipedia.org/wiki/Spectroscopy,Spectroscopy,"array([ 7.95874523, -1.60894361])"
445,Natural,https://en.wikipedia.org/wiki/Statics,Statics,"array([ 8.02349872, -1.50148093])"
446,Natural,https://en.wikipedia.org/wiki/Stereochemistry,Stereochemistry,"array([ 7.89807453, -1.61159577])"
447,Natural,https://en.wikipedia.org/wiki/Structural_biology,Structural biology,"array([ 7.80820385, -1.56205833])"
448,Natural,https://en.wikipedia.org/wiki/Supramolecular_chemistry,Supramolecular chemistry,"array([ 7.92036156, -1.54826995])"
449,Natural,https://en.wikipedia.org/wiki/Surface_science,Surface science,"array([ 7.90549421, -1.5557351 ])"
450,Natural,https://en.wikipedia.org/wiki/Synthetic_biology,Synthetic biology,"array([ 7.93369366, -1.36727672])"
451,Natural,https://en.wikipedia.org/wiki/Systematics,Systematics,"array([ 7.61295605, -1.48862964])"
452,Natural,https://en.wikipedia.org/wiki/Taxonomy_(biology),Taxonomy (biology),"array([ 7.54825059, -1.5020941 ])"
453,Natural,https://en.wikipedia.org/wiki/Theory_of relativity,Theory of relativity,"array([ 8.05691239, -1.51698471])"
454,Natural,https://en.wikipedia.org/wiki/Thermochemistry,Thermochemistry,"array([ 7.88447896, -1.57195081])"
455,Natural,https://en.wikipedia.org/wiki/Thermodynamics,Thermodynamics,"array([ 7.89257196, -1.50703923])"
456,Natural,https://en.wikipedia.org/wiki/Toxicology,Toxicology,"array([ 7.7025241, -1.2406683])"
457,Natural,https://en.wikipedia.org/wiki/Zoology,Zoology,"array([ 7.57110008, -1.51827831])"
458,Social,https://en.wikipedia.org/wiki/Accounting,Accounting,"array([ 7.74430013, -1.34312555])"
459,Social,https://en.wikipedia.org/wiki/Aesthetics,Aesthetics,"array([ 7.89014926, -1.30886286])"
460,Social,https://en.wikipedia.org/wiki/Anthropological_linguistics,Anthropological linguistics,"array([ 7.80854033, -1.31558886])"
461,Social,https://en.wikipedia.org/wiki/Anthropology,Anthropology,"array([ 7.79203533, -1.30161297])"
462,Social,https://en.wikipedia.org/wiki/Anthropology_of religion,Anthropology of religion,"array([ 7.71340792, -1.42292905])"
463,Social,https://en.wikipedia.org/wiki/Anthrozoology,Anthrozoology,"array([ 7.67699062, -1.55257479])"
464,Social,https://en.wikipedia.org/wiki/Applied_anthropology,Applied anthropology,"array([ 7.76257143, -1.23562805])"
465,Social,https://en.wikipedia.org/wiki/Applied_linguistics,Applied linguistics,"array([ 7.7534977 , -1.56535327])"
466,Social,https://en.wikipedia.org/wiki/Applied_psychology,Applied psychology,"array([ 7.8116193 , -1.33263922])"
467,Social,https://en.wikipedia.org/wiki/Archaeology,Archaeology,"array([ 7.83746632, -1.35882371])"
468,Social,https://en.wikipedia.org/wiki/Architecture,Architecture,"array([ 7.91242712, -1.27219564])"
469,Social,https://en.wikipedia.org/wiki/Art,Art,"array([ 7.86650771, -1.29601595])"
470,Social,https://en.wikipedia.org/wiki/Behavioral_economics,Behavioral economics,"array([ 7.76960446, -1.37220231])"
471,Social,https://en.wikipedia.org/wiki/Behavioral_geography,Behavioral geography,"array([ 7.66530882, -1.47644352])"
472,Social,https://en.wikipedia.org/wiki/Behavioral_neuroscience,Behavioral neuroscience,"array([ 7.83203414, -1.28383077])"
473,Social,https://en.wikipedia.org/wiki/Behaviorism,Behaviorism,"array([ 7.8398238 , -1.32838847])"
474,Social,https://en.wikipedia.org/wiki/Biogeography,Biogeography,"array([ 7.62816214, -1.45242535])"
475,Social,https://en.wikipedia.org/wiki/Biolinguistics,Biolinguistics,"array([ 7.86551227, -1.32873965])"
476,Social,https://en.wikipedia.org/wiki/Biological_anthropology,Biological anthropology,"array([ 7.70652751, -1.45000151])"
477,Social,https://en.wikipedia.org/wiki/Business_studies,Business studies,"array([ 7.76115438, -1.49741263])"
478,Social,https://en.wikipedia.org/wiki/Ceramic_art,Ceramic art,"array([ 7.96189003, -1.12265383])"
479,Social,https://en.wikipedia.org/wiki/Children's_geographies,Children's geographies,"array([ 7.55887244, -1.26912847])"
480,Social,https://en.wikipedia.org/wiki/Civics,Civics,"array([ 7.69382797, -1.46190483])"
481,Social,https://en.wikipedia.org/wiki/Climatology,Climatology,"array([ 7.82536571, -1.56978577])"
482,Social,https://en.wikipedia.org/wiki/Clinical_linguistics,Clinical linguistics,"array([ 7.84493934, -1.25182502])"
483,Social,https://en.wikipedia.org/wiki/Clinical_psychology,Clinical psychology,"array([ 7.80319524, -1.3311636 ])"
484,Social,https://en.wikipedia.org/wiki/Coastal_geography,Coastal geography,"array([ 8.40981132, -0.95797441])"
485,Social,https://en.wikipedia.org/wiki/Cognitive_linguistics,Cognitive linguistics,"array([ 7.87539573, -1.29519374])"
486,Social,https://en.wikipedia.org/wiki/Cognitive_psychology,Cognitive psychology,"array([ 7.83238703, -1.31811041])"
487,Social,https://en.wikipedia.org/wiki/Cognitive_science,Cognitive science,"array([ 7.86215893, -1.37202852])"
488,Social,https://en.wikipedia.org/wiki/Communication,Communication,"array([ 7.83263876, -1.34513598])"
489,Social,https://en.wikipedia.org/wiki/Communication_studies,Communication studies,"array([ 7.77074459, -1.41174793])"
490,Social,https://en.wikipedia.org/wiki/Community_psychology,Community psychology,"array([ 7.81053464, -1.28740709])"
491,Social,https://en.wikipedia.org/wiki/Comparative_economic systems,Comparative economic systems,"array([ 7.67342506, -1.51193839])"
492,Social,https://en.wikipedia.org/wiki/Comparative_linguistics,Comparative linguistics,"array([ 7.87098897, -1.20773727])"
493,Social,https://en.wikipedia.org/wiki/Computational_economics,Computational economics,"array([ 7.76489794, -1.4525299 ])"
494,Social,https://en.wikipedia.org/wiki/Computational_linguistics,Computational linguistics,"array([ 7.88426258, -1.38637345])"
495,Social,https://en.wikipedia.org/wiki/Consumer_behaviour,Consumer behaviour,"array([ 7.82509389, -1.35522339])"
496,Social,https://en.wikipedia.org/wiki/Counseling_psychology,Counseling psychology,"array([ 7.82414936, -1.2981654 ])"
497,Social,https://en.wikipedia.org/wiki/Craft,Craft,"array([ 7.73693521, -1.57781451])"
498,Social,https://en.wikipedia.org/wiki/Creativity,Creativity,"array([ 7.84127698, -1.34472732])"
499,Social,https://en.wikipedia.org/wiki/Criminology,Criminology,"array([ 7.813938  , -1.35218088])"
500,Social,https://en.wikipedia.org/wiki/Cuisine,Cuisine,"array([ 8.47079184, -1.79720867])"
501,Social,https://en.wikipedia.org/wiki/Culinary_arts,Culinary arts,"array([ 7.75729822, -1.5299088 ])"
502,Social,https://en.wikipedia.org/wiki/Cultural_anthropology,Cultural anthropology,"array([ 7.78999988, -1.33366019])"
503,Social,https://en.wikipedia.org/wiki/Cultural_geography,Cultural geography,"array([ 7.76782957, -1.39888505])"
504,Social,https://en.wikipedia.org/wiki/Cultural_psychology,Cultural psychology,"array([ 7.80395713, -1.30748532])"
505,Social,https://en.wikipedia.org/wiki/Cultural_studies,Cultural studies,"array([ 7.74802819, -1.29765716])"
506,Social,https://en.wikipedia.org/wiki/Culture,Culture,"array([ 7.79696727, -1.29313858])"
507,Social,https://en.wikipedia.org/wiki/Demography,Demography,"array([ 7.77726938, -1.42002952])"
508,Social,https://en.wikipedia.org/wiki/Design,Design,"array([ 7.97612229, -1.28174574])"
509,Social,https://en.wikipedia.org/wiki/Development_economics,Development economics,"array([ 7.75499383, -1.37840676])"
510,Social,https://en.wikipedia.org/wiki/Development_geography,Development geography,"array([ 7.73536395, -1.49890911])"
511,Social,https://en.wikipedia.org/wiki/Development_studies,Development studies,"array([ 7.76306338, -1.46681743])"
512,Social,https://en.wikipedia.org/wiki/Developmental_linguistics,Developmental linguistics,"array([ 7.83708333, -1.26894967])"
513,Social,https://en.wikipedia.org/wiki/Developmental_psychology,Developmental psychology,"array([ 7.82411895, -1.3327013 ])"
514,Social,https://en.wikipedia.org/wiki/Dialectology,Dialectology,"array([ 7.85593792, -1.18619778])"
515,Social,https://en.wikipedia.org/wiki/Discourse_analysis,Discourse analysis,"array([ 7.81348706, -1.27137765])"
516,Social,https://en.wikipedia.org/wiki/Drawing,Drawing,"array([ 7.95333271, -1.2592312 ])"
517,Social,https://en.wikipedia.org/wiki/Ecological_economics,Ecological economics,"array([ 7.6927724 , -1.40261889])"
518,Social,https://en.wikipedia.org/wiki/Econometrics,Econometrics,"array([ 7.72634716, -1.39718043])"
519,Social,https://en.wikipedia.org/wiki/Economic_geography,Economic geography,"array([ 7.74798026, -1.44133049])"
520,Social,https://en.wikipedia.org/wiki/Economic_history,Economic history,"array([ 7.72337147, -1.3667774 ])"
521,Social,https://en.wikipedia.org/wiki/Economic_methodology,Economic methodology,"array([ 7.71889784, -1.40924684])"
522,Social,https://en.wikipedia.org/wiki/Economic_sociology,Economic sociology,"array([ 7.74822162, -1.41873052])"
523,Social,https://en.wikipedia.org/wiki/Economic_statistics,Economic statistics,"array([ 7.73646091, -1.42839846])"
524,Social,https://en.wikipedia.org/wiki/Economics,Economics,"array([ 7.78779682, -1.36847941])"
525,Social,https://en.wikipedia.org/wiki/Ecosystem_services,Ecosystem services,"array([ 7.74692001, -1.40822052])"
526,Social,https://en.wikipedia.org/wiki/Educational_psychology,Educational psychology,"array([ 7.83190149, -1.33015411])"
527,Social,https://en.wikipedia.org/wiki/Energy_economics,Energy economics,"array([ 7.74047877, -1.48674106])"
528,Social,https://en.wikipedia.org/wiki/Entrepreneurial_economics,Entrepreneurial economics,"array([ 7.73278322, -1.47691612])"
529,Social,https://en.wikipedia.org/wiki/Environmental_economics,Environmental economics,"array([ 7.72516401, -1.43690637])"
530,Social,https://en.wikipedia.org/wiki/Environmental_planning,Environmental planning,"array([ 7.67434602, -1.43480629])"
531,Social,https://en.wikipedia.org/wiki/Ethnobiology,Ethnobiology,"array([ 7.77034008, -1.16274323])"
532,Social,https://en.wikipedia.org/wiki/Ethnobotany,Ethnobotany,"array([ 7.77532129, -1.20703306])"
533,Social,https://en.wikipedia.org/wiki/Ethnography,Ethnography,"array([ 7.81941261, -1.3184461 ])"
534,Social,https://en.wikipedia.org/wiki/Ethnology,Ethnology,"array([ 7.79223217, -1.20143112])"
535,Social,https://en.wikipedia.org/wiki/Ethnopoetics,Ethnopoetics,"array([ 7.78386093, -1.22783366])"
536,Social,https://en.wikipedia.org/wiki/Etymology,Etymology,"array([ 7.88826245, -1.18118373])"
537,Social,https://en.wikipedia.org/wiki/Evolutionary_anthropology,Evolutionary anthropology,"array([ 7.6894024 , -1.17080888])"
538,Social,https://en.wikipedia.org/wiki/Evolutionary_economics,Evolutionary economics,"array([ 7.7268321 , -1.38729756])"
539,Social,https://en.wikipedia.org/wiki/Evolutionary_linguistics,Evolutionary linguistics,"array([ 7.71858351, -1.22797373])"
540,Social,https://en.wikipedia.org/wiki/Evolutionary_psychology,Evolutionary psychology,"array([ 7.7719995 , -1.33166741])"
541,Social,https://en.wikipedia.org/wiki/Experimental_economics,Experimental economics,"array([ 7.7485919 , -1.39751335])"
542,Social,https://en.wikipedia.org/wiki/Experimental_psychology,Experimental psychology,"array([ 7.85742577, -1.35561604])"
543,Social,https://en.wikipedia.org/wiki/Feminist_economics,Feminist economics,"array([ 7.75606206, -1.35463956])"
544,Social,https://en.wikipedia.org/wiki/Feminist_geography,Feminist geography,"array([ 7.62980969, -1.2937791 ])"
545,Social,https://en.wikipedia.org/wiki/Finance,Finance,"array([ 7.77219293, -1.35712837])"
546,Social,https://en.wikipedia.org/wiki/Financial_economics,Financial economics,"array([ 7.75810345, -1.39417253])"
547,Social,https://en.wikipedia.org/wiki/Folklore_studies,Folklore studies,"array([ 7.81876635, -1.32834299])"
548,Social,https://en.wikipedia.org/wiki/Food,Food,"array([ 7.6748921 , -1.35335641])"
549,Social,https://en.wikipedia.org/wiki/Forensic_linguistics,Forensic linguistics,"array([ 7.86947016, -1.31861411])"
550,Social,https://en.wikipedia.org/wiki/Forensic_psychology,Forensic psychology,"array([ 7.80709622, -1.29745412])"
551,Social,https://en.wikipedia.org/wiki/Game_theory,Game theory,"array([ 7.8133621, -1.384875 ])"
552,Social,https://en.wikipedia.org/wiki/Gender_studies,Gender studies,"array([ 7.57320473, -1.24390768])"
553,Social,https://en.wikipedia.org/wiki/Geodesy,Geodesy,"array([ 7.59096557, -1.63056704])"
554,Social,https://en.wikipedia.org/wiki/Geolinguistics,Geolinguistics,"array([ 7.79054255, -1.55873144])"
555,Social,https://en.wikipedia.org/wiki/Geomorphology,Geomorphology,"array([ 7.83364761, -1.53518023])"
556,Social,https://en.wikipedia.org/wiki/Geopolitics,Geopolitics,"array([ 7.76099633, -1.28290199])"
557,Social,https://en.wikipedia.org/wiki/Gerontology,Gerontology,"array([ 7.79996414, -1.22536258])"
558,Social,https://en.wikipedia.org/wiki/Grammar,Grammar,"array([ 7.87115806, -1.22290184])"
559,Social,https://en.wikipedia.org/wiki/Green_economy,Green economy,"array([ 7.72404112, -1.48584067])"
560,Social,https://en.wikipedia.org/wiki/Health_geography,Health geography,"array([ 7.77205156, -1.49551674])"
561,Social,https://en.wikipedia.org/wiki/Health_psychology,Health psychology,"array([ 7.83257839, -1.29250185])"
562,Social,https://en.wikipedia.org/wiki/Heterodox_economics,Heterodox economics,"array([ 7.72738203, -1.40645933])"
563,Social,https://en.wikipedia.org/wiki/Historical_archaeology,Historical archaeology,"array([ 7.77572505, -1.53096295])"
564,Social,https://en.wikipedia.org/wiki/Historical_geography,Historical geography,"array([ 7.76884043, -1.48240635])"
565,Social,https://en.wikipedia.org/wiki/Historical_linguistics,Historical linguistics,"array([ 7.86664527, -1.269293  ])"
566,Social,https://en.wikipedia.org/wiki/Human_geography,Human geography,"array([ 7.76653449, -1.43297746])"
567,Social,https://en.wikipedia.org/wiki/Human_resource management,Human resource management,"array([ 7.80673238, -1.3547944 ])"
568,Social,https://en.wikipedia.org/wiki/Humanistic_psychology,Humanistic psychology,"array([ 7.81543704, -1.31135251])"
569,Social,https://en.wikipedia.org/wiki/Hydrography,Hydrography,"array([ 8.39068904, -0.9353096 ])"
570,Social,https://en.wikipedia.org/wiki/Industrial_and organizational psychology,Industrial and organizational psychology,"array([ 7.81591683, -1.33914594])"
571,Social,https://en.wikipedia.org/wiki/Industrial_organization,Industrial organization,"array([ 7.73577752, -1.41152466])"
572,Social,https://en.wikipedia.org/wiki/Industrial_relations,Industrial relations,"array([ 7.76727583, -1.26638158])"
573,Social,https://en.wikipedia.org/wiki/Information_science,Information science,"array([ 7.81829491, -1.37331562])"
574,Social,https://en.wikipedia.org/wiki/Institutional_economics,Institutional economics,"array([ 7.72908633, -1.37526423])"
575,Social,https://en.wikipedia.org/wiki/Integrated_geography,Integrated geography,"array([ 7.75837409, -1.48774341])"
576,Social,https://en.wikipedia.org/wiki/International_economics,International economics,"array([ 7.73684762, -1.38330385])"
577,Social,https://en.wikipedia.org/wiki/International_relations,International relations,"array([ 7.79778628, -1.34557465])"
578,Social,https://en.wikipedia.org/wiki/International_relations theory,International relations theory,"array([ 7.80422671, -1.33811514])"
579,Social,https://en.wikipedia.org/wiki/International_studies,International studies,"array([ 7.77977668, -1.43609886])"
580,Social,https://en.wikipedia.org/wiki/Islamic_economics,Islamic economics,"array([ 7.72582347, -1.32614978])"
581,Social,https://en.wikipedia.org/wiki/Labour_economics,Labour economics,"array([ 7.74714856, -1.38576326])"
582,Social,https://en.wikipedia.org/wiki/Landscape_ecology,Landscape ecology,"array([ 7.64893593, -1.43115721])"
583,Social,https://en.wikipedia.org/wiki/Language,Language,"array([ 7.85705906, -1.29715556])"
584,Social,https://en.wikipedia.org/wiki/Language_acquisition,Language acquisition,"array([ 7.85314499, -1.32768508])"
585,Social,https://en.wikipedia.org/wiki/Law_and economics,Law and economics,"array([ 7.71181314, -1.38546788])"
586,Social,https://en.wikipedia.org/wiki/Legal_psychology,Legal psychology,"array([ 7.81618523, -1.29332526])"
587,Social,https://en.wikipedia.org/wiki/Lexis_(linguistics),Lexis (linguistics),"array([ 7.88958109, -1.20827359])"
588,Social,https://en.wikipedia.org/wiki/Limnology,Limnology,"array([ 7.76402523, -1.70468329])"
589,Social,https://en.wikipedia.org/wiki/Linguistic_anthropology,Linguistic anthropology,"array([ 7.82368137, -1.25491844])"
590,Social,https://en.wikipedia.org/wiki/Linguistic_typology,Linguistic typology,"array([ 7.91502398, -1.15036451])"
591,Social,https://en.wikipedia.org/wiki/Literature,Literature,"array([ 7.86253919, -1.30736143])"
592,Social,https://en.wikipedia.org/wiki/Macroeconomics,Macroeconomics,"array([ 7.73970139, -1.37473733])"
593,Social,https://en.wikipedia.org/wiki/Management,Management,"array([ 7.79573504, -1.36287356])"
594,Social,https://en.wikipedia.org/wiki/Managerial_economics,Managerial economics,"array([ 7.74429036, -1.4564731 ])"
595,Social,https://en.wikipedia.org/wiki/Marketing,Marketing,"array([ 7.80056544, -1.37029893])"
596,Social,https://en.wikipedia.org/wiki/Marxist_geography,Marxist geography,"array([ 7.7709131 , -1.54504757])"
597,Social,https://en.wikipedia.org/wiki/Mathematical_economics,Mathematical economics,"array([ 7.79161808, -1.38457823])"
598,Social,https://en.wikipedia.org/wiki/Meal,Meal,"array([ 8.45639629, -1.82105457])"
599,Social,https://en.wikipedia.org/wiki/Media_psychology,Media psychology,"array([ 7.80154594, -1.38353692])"
600,Social,https://en.wikipedia.org/wiki/Media_studies,Media studies,"array([ 7.79116991, -1.42116662])"
601,Social,https://en.wikipedia.org/wiki/Medical_anthropology,Medical anthropology,"array([ 7.86574182, -1.24821018])"
602,Social,https://en.wikipedia.org/wiki/Metaphysics,Metaphysics,"array([ 7.90071752, -1.34068953])"
603,Social,https://en.wikipedia.org/wiki/Microeconomics,Microeconomics,"array([ 7.75968827, -1.38618591])"
604,Social,https://en.wikipedia.org/wiki/Military_geography,Military geography,"array([ 7.74561884, -1.32453135])"
605,Social,https://en.wikipedia.org/wiki/Military_psychology,Military psychology,"array([ 7.79406285, -1.32400567])"
606,Social,https://en.wikipedia.org/wiki/Monetary_economics,Monetary economics,"array([ 7.71156026, -1.3739354 ])"
607,Social,https://en.wikipedia.org/wiki/Morphology_(linguistics),Morphology (linguistics),"array([ 7.88050573, -1.23356867])"
608,Social,https://en.wikipedia.org/wiki/Music_therapy,Music therapy,"array([ 7.78814092, -1.28572911])"
609,Social,https://en.wikipedia.org/wiki/Natural_resource economics,Natural resource economics,"array([ 7.70309817, -1.41562606])"
610,Social,https://en.wikipedia.org/wiki/Neoclassical_economics,Neoclassical economics,"array([ 7.71730006, -1.39456039])"
611,Social,https://en.wikipedia.org/wiki/Neuroeconomics,Neuroeconomics,"array([ 7.74207965, -1.36306689])"
612,Social,https://en.wikipedia.org/wiki/Neurolinguistics,Neurolinguistics,"array([ 7.84455223, -1.28593693])"
613,Social,https://en.wikipedia.org/wiki/Neuropsychology,Neuropsychology,"array([ 7.8337744, -1.3027011])"
614,Social,https://en.wikipedia.org/wiki/Occupational_health psychology,Occupational health psychology,"array([ 7.79486628, -1.31029313])"
615,Social,https://en.wikipedia.org/wiki/Oceanography,Oceanography,"array([ 7.10787094, -1.56695268])"
616,Social,https://en.wikipedia.org/wiki/Organizational_studies,Organizational studies,"array([ 7.80299505, -1.52485162])"
617,Social,https://en.wikipedia.org/wiki/Orthography,Orthography,"array([ 7.84563824, -1.21646171])"
618,Social,https://en.wikipedia.org/wiki/Painting,Painting,"array([ 7.93163348, -1.24167566])"
619,Social,https://en.wikipedia.org/wiki/Palaeogeography,Palaeogeography,"array([ 7.79598748, -1.57210566])"
620,Social,https://en.wikipedia.org/wiki/Paleoclimatology,Paleoclimatology,"array([ 7.85269419, -1.58957189])"
621,Social,https://en.wikipedia.org/wiki/Pedology,Pedology,"array([ 7.84273329, -1.68573128])"
622,Social,https://en.wikipedia.org/wiki/Performing_arts,Performing arts,"array([ 7.91271445, -1.20896634])"
623,Social,https://en.wikipedia.org/wiki/Personality_psychology,Personality psychology,"array([ 7.8298409 , -1.33685211])"
624,Social,https://en.wikipedia.org/wiki/Philosophy_of education,Philosophy of education,"array([ 7.84765374, -1.33529861])"
625,Social,https://en.wikipedia.org/wiki/Philosophy_of information,Philosophy of information,"array([ 7.89777812, -1.26518256])"
626,Social,https://en.wikipedia.org/wiki/Philosophy_of language,Philosophy of language,"array([ 7.89103501, -1.32195066])"
627,Social,https://en.wikipedia.org/wiki/Philosophy_of mathematics,Philosophy of mathematics,"array([ 7.87962539, -1.37147906])"
628,Social,https://en.wikipedia.org/wiki/Philosophy_of mind,Philosophy of mind,"array([ 7.87954911, -1.33025841])"
629,Social,https://en.wikipedia.org/wiki/Philosophy_of science,Philosophy of science,"array([ 7.85181295, -1.35163441])"
630,Social,https://en.wikipedia.org/wiki/Phonetics,Phonetics,"array([ 7.87924729, -1.25949593])"
631,Social,https://en.wikipedia.org/wiki/Phonology,Phonology,"array([ 7.85691702, -1.25870216])"
632,Social,https://en.wikipedia.org/wiki/Photography,Photography,"array([ 7.90386937, -1.38058202])"
633,Social,https://en.wikipedia.org/wiki/Physical_geography,Physical geography,"array([ 7.7932399 , -1.50113489])"
634,Social,https://en.wikipedia.org/wiki/Political_economy,Political economy,"array([ 7.75086593, -1.36912998])"
635,Social,https://en.wikipedia.org/wiki/Political_geography,Political geography,"array([ 7.74889495, -1.5025495 ])"
636,Social,https://en.wikipedia.org/wiki/Political_philosophy,Political philosophy,"array([ 7.85913301, -1.33558265])"
637,Social,https://en.wikipedia.org/wiki/Political_psychology,Political psychology,"array([ 7.82454649, -1.30918789])"
638,Social,https://en.wikipedia.org/wiki/Population_geography,Population geography,"array([ 7.78369444, -1.47941024])"
639,Social,https://en.wikipedia.org/wiki/Pragmatics,Pragmatics,"array([ 7.8582853, -1.2777275])"
640,Social,https://en.wikipedia.org/wiki/Printmaking,Printmaking,"array([ 8.00781126, -1.1977421 ])"
641,Social,https://en.wikipedia.org/wiki/Psephology,Psephology,"array([ 7.75344816, -1.47725263])"
642,Social,https://en.wikipedia.org/wiki/Psycholinguistics,Psycholinguistics,"array([ 7.84613293, -1.31593385])"
643,Social,https://en.wikipedia.org/wiki/Psychological_anthropology,Psychological anthropology,"array([ 7.88384081, -1.15571067])"
644,Social,https://en.wikipedia.org/wiki/Psychological_testing,Psychological testing,"array([ 7.81694063, -1.30268017])"
645,Social,https://en.wikipedia.org/wiki/Psychology_of religion,Psychology of religion,"array([ 7.83621137, -1.31048524])"
646,Social,https://en.wikipedia.org/wiki/Psychometrics,Psychometrics,"array([ 7.87563284, -1.30625967])"
647,Social,https://en.wikipedia.org/wiki/Psychophysics,Psychophysics,"array([ 7.8587286 , -1.31622505])"
648,Social,https://en.wikipedia.org/wiki/Public_administration,Public administration,"array([ 7.79824907, -1.35394112])"
649,Social,https://en.wikipedia.org/wiki/Public_economics,Public economics,"array([ 7.70667983, -1.43179231])"
650,Social,https://en.wikipedia.org/wiki/Public_finance,Public finance,"array([ 7.69790797, -1.34833706])"
651,Social,https://en.wikipedia.org/wiki/Public_health,Public health,"array([ 7.80293008, -1.32260325])"
652,Social,https://en.wikipedia.org/wiki/Public_policy,Public policy,"array([ 7.7784672 , -1.40271197])"
653,Social,https://en.wikipedia.org/wiki/Real_estate economics,Real estate economics,"array([ 7.7296496 , -1.33976379])"
654,Social,https://en.wikipedia.org/wiki/Regional_planning,Regional planning,"array([ 7.71718302, -1.47029296])"
655,Social,https://en.wikipedia.org/wiki/Religion,Religion,"array([ 7.80717863, -1.25585356])"
656,Social,https://en.wikipedia.org/wiki/Religious_behaviour,Religious behaviour,"array([ 7.77827862, -1.46812477])"
657,Social,https://en.wikipedia.org/wiki/Religious_studies,Religious studies,"array([ 7.79000204, -1.34287107])"
658,Social,https://en.wikipedia.org/wiki/Rural_sociology,Rural sociology,"array([ 7.73830598, -1.44685713])"
659,Social,https://en.wikipedia.org/wiki/School_psychology,School psychology,"array([ 7.81099981, -1.34562762])"
660,Social,https://en.wikipedia.org/wiki/Science_and technology studies,Science and technology studies,"array([ 7.80797519, -1.36571986])"
661,Social,https://en.wikipedia.org/wiki/Sculpture,Sculpture,"array([ 7.92780562, -1.18747322])"
662,Social,https://en.wikipedia.org/wiki/Semantics,Semantics,"array([ 7.88823693, -1.29179031])"
663,Social,https://en.wikipedia.org/wiki/Sensation_(psychology),Sensation (psychology),"array([ 7.80543246, -1.62532624])"
664,Social,https://en.wikipedia.org/wiki/Social_work,Social work,"array([ 7.78032144, -1.3743149 ])"
665,Social,https://en.wikipedia.org/wiki/Socialist_economics,Socialist economics,"array([ 7.78207156, -1.35817369])"
666,Social,https://en.wikipedia.org/wiki/Society,Society,"array([ 7.82057287, -1.34666612])"
667,Social,https://en.wikipedia.org/wiki/Socioeconomics,Socioeconomics,"array([ 7.73193791, -1.46206898])"
668,Social,https://en.wikipedia.org/wiki/Sociolinguistics,Sociolinguistics,"array([ 7.83492616, -1.23501341])"
669,Social,https://en.wikipedia.org/wiki/Sport_psychology,Sport psychology,"array([ 7.81049107, -1.32497622])"
670,Social,https://en.wikipedia.org/wiki/Strategic_geography,Strategic geography,"array([ 7.79047226, -1.54514494])"
671,Social,https://en.wikipedia.org/wiki/Stylistics,Stylistics,"array([ 7.81681402, -1.20549992])"
672,Social,https://en.wikipedia.org/wiki/Sustainability_studies,Sustainability studies,"array([ 7.71130382, -1.4837381 ])"
673,Social,https://en.wikipedia.org/wiki/Sustainable_agriculture,Sustainable agriculture,"array([ 7.67821059, -1.39316595])"
674,Social,https://en.wikipedia.org/wiki/Sustainable_development,Sustainable development,"array([ 7.73556765, -1.39290252])"
675,Social,https://en.wikipedia.org/wiki/Syntax,Syntax,"array([ 7.89440631, -1.24139268])"
676,Social,https://en.wikipedia.org/wiki/Systems_psychology,Systems psychology,"array([ 7.78543335, -1.31652659])"
677,Social,https://en.wikipedia.org/wiki/The_arts,The arts,"array([ 7.90900844, -1.22836468])"
678,Social,https://en.wikipedia.org/wiki/Thermoeconomics,Thermoeconomics,"array([ 7.73276182, -1.51829574])"
679,Social,https://en.wikipedia.org/wiki/Time_series,Time series,"array([ 7.92998338, -1.30293161])"
680,Social,https://en.wikipedia.org/wiki/Traffic_psychology,Traffic psychology,"array([ 7.82114066, -1.28610031])"
681,Social,https://en.wikipedia.org/wiki/Transport_economics,Transport economics,"array([ 7.71254267, -1.35822454])"
682,Social,https://en.wikipedia.org/wiki/Urban_geography,Urban geography,"array([ 7.74551772, -1.46909568])"
683,Social,https://en.wikipedia.org/wiki/Urban_planning,Urban planning,"array([ 7.75635889, -1.42552618])"
684,Social,https://en.wikipedia.org/wiki/Urban_sociology,Urban sociology,"array([ 7.77754351, -1.38745818])"
685,Social,https://en.wikipedia.org/wiki/Visual_arts,Visual arts,"array([ 7.93896891, -1.22059187])"
686,Social,https://en.wikipedia.org/wiki/Welfare_economics,Welfare economics,"array([ 7.75466837, -1.41191676])"
